Workbook

Sheet DataSource
A1: 查询键 | B1: 干员ID | C1: 干员名称 | D1: 等级 | E1: 英文名 | F1: 职业 | G1: 阵营 | H1: 标签 | I1: 稀有度 | J1: 武器类型 | K1: 干员属性 | L1: 主属性 | M1: 副属性 | N1: 生命值 | O1: 攻击力 | P1: 防御力 | Q1: 力量 | R1: 敏捷 | S1: 智识 | T1: 意志 | U1: 暴击率 | V1: 暴击伤害 | W1: 普通攻击范围 | X1: 韧性削减系数 | Y1: 物理等级系数 | Z1: 法术等级系数 | AA1: 精英化等阶 | AB1: 潜能天赋① | AC1: 潜能天赋② | AD1: 潜能天赋③ | AE1: 潜能天赋④ | AF1: 潜能天赋⑤ | AG1: 信赖天赋节点① | AH1: 信赖天赋节点② | AI1: 信赖天赋节点③ | AJ1: 信赖天赋节点④ | AK1: 技能天赋节点①等级 | AL1: 技能天赋节点①效果 | AM1: __talent_skill_1_lv1 | AN1: __talent_skill_1_lv2 | AO1: __talent_skill_1_lv3 | AP1: 技能天赋节点②等级 | AQ1: 技能天赋节点②效果 | AR1: __talent_skill_2_lv1 | AS1: __talent_skill_2_lv2 | AT1: __talent_skill_2_lv3 | AV1: 1
A2: chr_0002_endminm_1 | B2: chr_0002_endminm | C2: 管理员(男) | D2: 1 | E2: Endministrator | F2: 近卫 | G2: ENDFIELD INDUSTRIES | H2: 猛击, 控制 | I2: 6★ | J2: 单手剑 | K2: 物理 | L2: 敏捷 | M2: 力量 | N2: 500 | O2: 30 | P2: 0 | Q2: 14.7422680412371 | R2: 14.2268041237113 | S2: 9.79381443298969 | T2: 10.8247422680412 | U2: 5.0% | V2: 50.0% | W2: 3 | X2: 0.14 | Y2: 1.0 | Z2: 1.0 | AA2: 0 | AB2: 【最后的苏醒】战技构成序列消耗源石结晶时，返还50点技力。 | AC2: 【权能映射】天赋本质瓦解效果加强：自身获得攻击力提升时，其他友方干员获得一半的攻击力提升效果。 | AD2: 【？？？】？？？ | AE2: 【？？？】？？？ | AF2: 【？？？】？？？ | AG2: 无 | AH2: 无 | AI2: 无 | AJ2: 无 | AK2: 1 | AL2: 无 | AM2: 无 | AN2: 无 | AO2: 无 | AP2: 1 | AQ2: 无 | AR2: 无 | AS2: 无 | AT2: 无 | AV2: 2
A3: chr_0002_endminm_2 | B3: chr_0002_endminm | C3: 管理员(男) | D3: 2 | E3: Endministrator | F3: 近卫 | G3: ENDFIELD INDUSTRIES | H3: 猛击, 控制 | I3: 6★ | J3: 单手剑 | K3: 物理 | L3: 敏捷 | M3: 力量 | N3: 556 | O3: 33 | P3: 0 | Q3: 15.966547443719742 | R3: 15.64948453608243 | S3: 10.773195876288662 | T3: 11.90721649484532 | U3: 5.0% | V3: 50.0% | W3: 3 | X3: 0.14 | Y3: 1.00255102040816 | Z3: 1.00510204081633 | AA3: 0 | AB3: 【最后的苏醒】战技构成序列消耗源石结晶时，返还50点技力。 | AC3: 【权能映射】天赋本质瓦解效果加强：自身获得攻击力提升时，其他友方干员获得一半的攻击力提升效果。 | AD3: 【？？？】？？？ | AE3: 【？？？】？？？ | AF3: 【？？？】？？？ | AG3: 无 | AH3: 无 | AI3: 无 | AJ3: 无 | AK3: 1 | AL3: 无 | AM3: 无 | AN3: 无 | AO3: 无 | AP3: 1 | AQ3: 无 | AR3: 无 | AS3: 无 | AT3: 无 | AV3: 3
A4: chr_0002_endminm_3 | B4: chr_0002_endminm | C4: 管理员(男) | D4: 3 | E4: Endministrator | F4: 近卫 | G4: ENDFIELD INDUSTRIES | H4: 猛击, 控制 | I4: 6★ | J4: 单手剑 | K4: 物理 | L4: 敏捷 | M4: 力量 | N4: 612 | O4: 36 | P4: 0 | Q4: 17.190826846202384 | R4: 17.07216494845356 | S4: 11.752577319587635 | T4: 12.989690721649442 | U4: 5.0% | V4: 50.0% | W4: 3 | X4: 0.14 | Y4: 1.00510204081633 | Z4: 1.01020408163265 | AA4: 0 | AB4: 【最后的苏醒】战技构成序列消耗源石结晶时，返还50点技力。 | AC4: 【权能映射】天赋本质瓦解效果加强：自身获得攻击力提升时，其他友方干员获得一半的攻击力提升效果。 | AD4: 【？？？】？？？ | AE4: 【？？？】？？？ | AF4: 【？？？】？？？ | AG4: 无 | AH4: 无 | AI4: 无 | AJ4: 无 | AK4: 1 | AL4: 无 | AM4: 无 | AN4: 无 | AO4: 无 | AP4: 1 | AQ4: 无 | AR4: 无 | AS4: 无 | AT4: 无 | AV4: 4
A5: chr_0002_endminm_4 | B5: chr_0002_endminm | C5: 管理员(男) | D5: 4 | E5: Endministrator | F5: 近卫 | G5: ENDFIELD INDUSTRIES | H5: 猛击, 控制 | I5: 6★ | J5: 单手剑 | K5: 物理 | L5: 敏捷 | M5: 力量 | N5: 668 | O5: 40 | P5: 0 | Q5: 18.415106248685024 | R5: 18.49484536082469 | S5: 12.731958762886606 | T5: 14.072164948453562 | U5: 5.0% | V5: 50.0% | W5: 3 | X5: 0.14 | Y5: 1.00765306122449 | Z5: 1.01530612244898 | AA5: 0 | AB5: 【最后的苏醒】战技构成序列消耗源石结晶时，返还50点技力。 | AC5: 【权能映射】天赋本质瓦解效果加强：自身获得攻击力提升时，其他友方干员获得一半的攻击力提升效果。 | AD5: 【？？？】？？？ | AE5: 【？？？】？？？ | AF5: 【？？？】？？？ | AG5: 无 | AH5: 无 | AI5: 无 | AJ5: 无 | AK5: 1 | AL5: 无 | AM5: 无 | AN5: 无 | AO5: 无 | AP5: 1 | AQ5: 无 | AR5: 无 | AS5: 无 | AT5: 无 | AV5: 5
A6: chr_0002_endminm_5 | B6: chr_0002_endminm | C6: 管理员(男) | D6: 5 | E6: Endministrator | F6: 近卫 | G6: ENDFIELD INDUSTRIES | H6: 猛击, 控制 | I6: 6★ | J6: 单手剑 | K6: 物理 | L6: 敏捷 | M6: 力量 | N6: 724 | O6: 43 | P6: 0 | Q6: 19.639385651167668 | R6: 19.91752577319582 | S6: 13.711340206185579 | T6: 15.154639175257682 | U6: 5.0% | V6: 50.0% | W6: 3 | X6: 0.14 | Y6: 1.01020408163265 | Z6: 1.02040816326531 | AA6: 0 | AB6: 【最后的苏醒】战技构成序列消耗源石结晶时，返还50点技力。 | AC6: 【权能映射】天赋本质瓦解效果加强：自身获得攻击力提升时，其他友方干员获得一半的攻击力提升效果。 | AD6: 【？？？】？？？ | AE6: 【？？？】？？？ | AF6: 【？？？】？？？ | AG6: 无 | AH6: 无 | AI6: 无 | AJ6: 无 | AK6: 1 | AL6: 无 | AM6: 无 | AN6: 无 | AO6: 无 | AP6: 1 | AQ6: 无 | AR6: 无 | AS6: 无 | AT6: 无 | AV6: 6
A7: chr_0002_endminm_6 | B7: chr_0002_endminm | C7: 管理员(男) | D7: 6 | E7: Endministrator | F7: 近卫 | G7: ENDFIELD INDUSTRIES | H7: 猛击, 控制 | I7: 6★ | J7: 单手剑 | K7: 物理 | L7: 敏捷 | M7: 力量 | N7: 781 | O7: 46 | P7: 0 | Q7: 20.86366505365031 | R7: 21.34020618556695 | S7: 14.690721649484551 | T7: 16.2371134020618 | U7: 5.0% | V7: 50.0% | W7: 3 | X7: 0.14 | Y7: 1.01275510204082 | Z7: 1.02551020408163 | AA7: 0 | AB7: 【最后的苏醒】战技构成序列消耗源石结晶时，返还50点技力。 | AC7: 【权能映射】天赋本质瓦解效果加强：自身获得攻击力提升时，其他友方干员获得一半的攻击力提升效果。 | AD7: 【？？？】？？？ | AE7: 【？？？】？？？ | AF7: 【？？？】？？？ | AG7: 无 | AH7: 无 | AI7: 无 | AJ7: 无 | AK7: 1 | AL7: 无 | AM7: 无 | AN7: 无 | AO7: 无 | AP7: 1 | AQ7: 无 | AR7: 无 | AS7: 无 | AT7: 无 | AV7: 7
A8: chr_0002_endminm_7 | B8: chr_0002_endminm | C8: 管理员(男) | D8: 7 | E8: Endministrator | F8: 近卫 | G8: ENDFIELD INDUSTRIES | H8: 猛击, 控制 | I8: 6★ | J8: 单手剑 | K8: 物理 | L8: 敏捷 | M8: 力量 | N8: 837 | O8: 49 | P8: 0 | Q8: 22.087944456132952 | R8: 22.762886597938078 | S8: 15.670103092783524 | T8: 17.31958762886592 | U8: 5.0% | V8: 50.0% | W8: 3 | X8: 0.14 | Y8: 1.01530612244898 | Z8: 1.03061224489796 | AA8: 0 | AB8: 【最后的苏醒】战技构成序列消耗源石结晶时，返还50点技力。 | AC8: 【权能映射】天赋本质瓦解效果加强：自身获得攻击力提升时，其他友方干员获得一半的攻击力提升效果。 | AD8: 【？？？】？？？ | AE8: 【？？？】？？？ | AF8: 【？？？】？？？ | AG8: 无 | AH8: 无 | AI8: 无 | AJ8: 无 | AK8: 1 | AL8: 无 | AM8: 无 | AN8: 无 | AO8: 无 | AP8: 1 | AQ8: 无 | AR8: 无 | AS8: 无 | AT8: 无 | AV8: 8
A9: chr_0002_endminm_8 | B9: chr_0002_endminm | C9: 管理员(男) | D9: 8 | E9: Endministrator | F9: 近卫 | G9: ENDFIELD INDUSTRIES | H9: 猛击, 控制 | I9: 6★ | J9: 单手剑 | K9: 物理 | L9: 敏捷 | M9: 力量 | N9: 893 | O9: 53 | P9: 0 | Q9: 23.312223858615592 | R9: 24.185567010309207 | S9: 16.649484536082497 | T9: 18.40206185567004 | U9: 5.0% | V9: 50.0% | W9: 3 | X9: 0.14 | Y9: 1.01785714285714 | Z9: 1.03571428571429 | AA9: 0 | AB9: 【最后的苏醒】战技构成序列消耗源石结晶时，返还50点技力。 | AC9: 【权能映射】天赋本质瓦解效果加强：自身获得攻击力提升时，其他友方干员获得一半的攻击力提升效果。 | AD9: 【？？？】？？？ | AE9: 【？？？】？？？ | AF9: 【？？？】？？？ | AG9: 无 | AH9: 无 | AI9: 无 | AJ9: 无 | AK9: 1 | AL9: 无 | AM9: 无 | AN9: 无 | AO9: 无 | AP9: 1 | AQ9: 无 | AR9: 无 | AS9: 无 | AT9: 无 | AV9: 9
A10: chr_0002_endminm_9 | B10: chr_0002_endminm | C10: 管理员(男) | D10: 9 | E10: Endministrator | F10: 近卫 | G10: ENDFIELD INDUSTRIES | H10: 猛击, 控制 | I10: 6★ | J10: 单手剑 | K10: 物理 | L10: 敏捷 | M10: 力量 | N10: 949 | O10: 56 | P10: 0 | Q10: 24.536503261098233 | R10: 25.608247422680336 | S10: 17.62886597938147 | T10: 19.484536082474165 | U10: 5.0% | V10: 50.0% | W10: 3 | X10: 0.14 | Y10: 1.02040816326531 | Z10: 1.04081632653061 | AA10: 0 | AB10: 【最后的苏醒】战技构成序列消耗源石结晶时，返还50点技力。 | AC10: 【权能映射】天赋本质瓦解效果加强：自身获得攻击力提升时，其他友方干员获得一半的攻击力提升效果。 | AD10: 【？？？】？？？ | AE10: 【？？？】？？？ | AF10: 【？？？】？？？ | AG10: 无 | AH10: 无 | AI10: 无 | AJ10: 无 | AK10: 1 | AL10: 无 | AM10: 无 | AN10: 无 | AO10: 无 | AP10: 1 | AQ10: 无 | AR10: 无 | AS10: 无 | AT10: 无 | AV10: 10
A11: chr_0002_endminm_10 | B11: chr_0002_endminm | C11: 管理员(男) | D11: 10 | E11: Endministrator | F11: 近卫 | G11: ENDFIELD INDUSTRIES | H11: 猛击, 控制 | I11: 6★ | J11: 单手剑 | K11: 物理 | L11: 敏捷 | M11: 力量 | N11: 1005 | O11: 59 | P11: 0 | Q11: 25.760782663580876 | R11: 27.030927835051465 | S11: 18.608247422680442 | T11: 20.56701030927828 | U11: 5.0% | V11: 50.0% | W11: 3 | X11: 0.14 | Y11: 1.02295918367347 | Z11: 1.04591836734694 | AA11: 0 | AB11: 【最后的苏醒】战技构成序列消耗源石结晶时，返还50点技力。 | AC11: 【权能映射】天赋本质瓦解效果加强：自身获得攻击力提升时，其他友方干员获得一半的攻击力提升效果。 | AD11: 【？？？】？？？ | AE11: 【？？？】？？？ | AF11: 【？？？】？？？ | AG11: 无 | AH11: 无 | AI11: 无 | AJ11: 无 | AK11: 1 | AL11: 无 | AM11: 无 | AN11: 无 | AO11: 无 | AP11: 1 | AQ11: 无 | AR11: 无 | AS11: 无 | AT11: 无 | AV11: 11
A12: chr_0002_endminm_11 | B12: chr_0002_endminm | C12: 管理员(男) | D12: 11 | E12: Endministrator | F12: 近卫 | G12: ENDFIELD INDUSTRIES | H12: 猛击, 控制 | I12: 6★ | J12: 单手剑 | K12: 物理 | L12: 敏捷 | M12: 力量 | N12: 1061 | O12: 62 | P12: 0 | Q12: 26.98506206606352 | R12: 28.453608247422597 | S12: 19.587628865979415 | T12: 21.649484536082404 | U12: 5.0% | V12: 50.0% | W12: 3 | X12: 0.14 | Y12: 1.02551020408163 | Z12: 1.05102040816327 | AA12: 0 | AB12: 【最后的苏醒】战技构成序列消耗源石结晶时，返还50点技力。 | AC12: 【权能映射】天赋本质瓦解效果加强：自身获得攻击力提升时，其他友方干员获得一半的攻击力提升效果。 | AD12: 【？？？】？？？ | AE12: 【？？？】？？？ | AF12: 【？？？】？？？ | AG12: 无 | AH12: 无 | AI12: 无 | AJ12: 无 | AK12: 1 | AL12: 无 | AM12: 无 | AN12: 无 | AO12: 无 | AP12: 1 | AQ12: 无 | AR12: 无 | AS12: 无 | AT12: 无 | AV12: 12
A13: chr_0002_endminm_12 | B13: chr_0002_endminm | C13: 管理员(男) | D13: 12 | E13: Endministrator | F13: 近卫 | G13: ENDFIELD INDUSTRIES | H13: 猛击, 控制 | I13: 6★ | J13: 单手剑 | K13: 物理 | L13: 敏捷 | M13: 力量 | N13: 1117 | O13: 66 | P13: 0 | Q13: 28.20934146854616 | R13: 29.876288659793726 | S13: 20.567010309278388 | T13: 22.731958762886524 | U13: 5.0% | V13: 50.0% | W13: 3 | X13: 0.14 | Y13: 1.0280612244898 | Z13: 1.05612244897959 | AA13: 0 | AB13: 【最后的苏醒】战技构成序列消耗源石结晶时，返还50点技力。 | AC13: 【权能映射】天赋本质瓦解效果加强：自身获得攻击力提升时，其他友方干员获得一半的攻击力提升效果。 | AD13: 【？？？】？？？ | AE13: 【？？？】？？？ | AF13: 【？？？】？？？ | AG13: 无 | AH13: 无 | AI13: 无 | AJ13: 无 | AK13: 1 | AL13: 无 | AM13: 无 | AN13: 无 | AO13: 无 | AP13: 1 | AQ13: 无 | AR13: 无 | AS13: 无 | AT13: 无 | AV13: 13
... A99: chr_0002_endminm_94 | B99: chr_0002_endminm | C99: 管理员(男) | D99: 94 | E99: Endministrator | F99: 近卫 | G99: ENDFIELD INDUSTRIES | H99: 猛击, 控制 | I99: 6★ | J99: 单手剑 | K99: 物理 | L99: 敏捷 | M99: 力量 | N99: 5719 | O99: 332 | P99: 0 | Q99: 128.60025247212278 | R99: 146.53608247422636 | S99: 100.87628865979413 | T99: 111.4948453608244 | U99: 5.0% | V99: 50.0% | W99: 3 | X99: 0.14 | Y99: 1.23724489795918 | Z99: 1.47448979591837 | AA99: 4 | AB99: 【最后的苏醒】战技构成序列消耗源石结晶时，返还50点技力。 | AC99: 【权能映射】天赋本质瓦解效果加强：自身获得攻击力提升时，其他友方干员获得一半的攻击力提升效果。 | AD99: 【？？？】？？？ | AE99: 【？？？】？？？ | AF99: 【？？？】？？？ | AG99: 【游刃】干员敏捷能力值提升10。 | AH99: 【游刃】干员敏捷能力值提升15。 | AI99: 【游刃】干员敏捷能力值提升15。 | AJ99: 【游刃】干员敏捷能力值提升20。 | AK99: 1 | AL99: 【本质瓦解 Lv.1】当敌人附着的源石结晶被消耗后，自身攻击力+15%，持续15秒，该效果无法叠加。 | AM99: 【本质瓦解 Lv.1】当敌人附着的源石结晶被消耗后，自身攻击力+15%，持续15秒，该效果无法叠加。 | AN99: 【本质瓦解 Lv.2】当敌人附着的源石结晶被消耗后，自身攻击力+30%，持续15秒，该效果无法叠加。 | AO99: 无 | AP99: 1 | AQ99: 【现实静滞 Lv.1】附着源石结晶的敌人受到的物理伤害+10%。 | AR99: 【现实静滞 Lv.1】附着源石结晶的敌人受到的物理伤害+10%。 | AS99: 【现实静滞 Lv.2】附着源石结晶的敌人受到的物理伤害+20%。 | AT99: 无 | AV99: 99
A100: chr_0002_endminm_95 | B100: chr_0002_endminm | C100: 管理员(男) | D100: 95 | E100: Endministrator | F100: 近卫 | G100: ENDFIELD INDUSTRIES | H100: 猛击, 控制 | I100: 6★ | J100: 单手剑 | K100: 物理 | L100: 敏捷 | M100: 力量 | N100: 5776 | O100: 335 | P100: 0 | Q100: 129.82453187460544 | R100: 147.9587628865975 | S100: 101.8556701030931 | T100: 112.57731958762851 | U100: 5.0% | V100: 50.0% | W100: 3 | X100: 0.14 | Y100: 1.23979591836735 | Z100: 1.47959183673469 | AA100: 4 | AB100: 【最后的苏醒】战技构成序列消耗源石结晶时，返还50点技力。 | AC100: 【权能映射】天赋本质瓦解效果加强：自身获得攻击力提升时，其他友方干员获得一半的攻击力提升效果。 | AD100: 【？？？】？？？ | AE100: 【？？？】？？？ | AF100: 【？？？】？？？ | AG100: 【游刃】干员敏捷能力值提升10。 | AH100: 【游刃】干员敏捷能力值提升15。 | AI100: 【游刃】干员敏捷能力值提升15。 | AJ100: 【游刃】干员敏捷能力值提升20。 | AK100: 1 | AL100: 【本质瓦解 Lv.1】当敌人附着的源石结晶被消耗后，自身攻击力+15%，持续15秒，该效果无法叠加。 | AM100: 【本质瓦解 Lv.1】当敌人附着的源石结晶被消耗后，自身攻击力+15%，持续15秒，该效果无法叠加。 | AN100: 【本质瓦解 Lv.2】当敌人附着的源石结晶被消耗后，自身攻击力+30%，持续15秒，该效果无法叠加。 | AO100: 无 | AP100: 1 | AQ100: 【现实静滞 Lv.1】附着源石结晶的敌人受到的物理伤害+10%。 | AR100: 【现实静滞 Lv.1】附着源石结晶的敌人受到的物理伤害+10%。 | AS100: 【现实静滞 Lv.2】附着源石结晶的敌人受到的物理伤害+20%。 | AT100: 无
A101: chr_0002_endminm_96 | B101: chr_0002_endminm | C101: 管理员(男) | D101: 96 | E101: Endministrator | F101: 近卫 | G101: ENDFIELD INDUSTRIES | H101: 猛击, 控制 | I101: 6★ | J101: 单手剑 | K101: 物理 | L101: 敏捷 | M101: 力量 | N101: 5832 | O101: 339 | P101: 0 | Q101: 131.04881127708808 | R101: 149.3814432989686 | S101: 102.83505154639208 | T101: 113.65979381443263 | U101: 5.0% | V101: 50.0% | W101: 3 | X101: 0.14 | Y101: 1.24234693877551 | Z101: 1.48469387755102 | AA101: 4 | AB101: 【最后的苏醒】战技构成序列消耗源石结晶时，返还50点技力。 | AC101: 【权能映射】天赋本质瓦解效果加强：自身获得攻击力提升时，其他友方干员获得一半的攻击力提升效果。 | AD101: 【？？？】？？？ | AE101: 【？？？】？？？ | AF101: 【？？？】？？？ | AG101: 【游刃】干员敏捷能力值提升10。 | AH101: 【游刃】干员敏捷能力值提升15。 | AI101: 【游刃】干员敏捷能力值提升15。 | AJ101: 【游刃】干员敏捷能力值提升20。 | AK101: 1 | AL101: 【本质瓦解 Lv.1】当敌人附着的源石结晶被消耗后，自身攻击力+15%，持续15秒，该效果无法叠加。 | AM101: 【本质瓦解 Lv.1】当敌人附着的源石结晶被消耗后，自身攻击力+15%，持续15秒，该效果无法叠加。 | AN101: 【本质瓦解 Lv.2】当敌人附着的源石结晶被消耗后，自身攻击力+30%，持续15秒，该效果无法叠加。 | AO101: 无 | AP101: 1 | AQ101: 【现实静滞 Lv.1】附着源石结晶的敌人受到的物理伤害+10%。 | AR101: 【现实静滞 Lv.1】附着源石结晶的敌人受到的物理伤害+10%。 | AS101: 【现实静滞 Lv.2】附着源石结晶的敌人受到的物理伤害+20%。 | AT101: 无
A102: chr_0002_endminm_97 | B102: chr_0002_endminm | C102: 管理员(男) | D102: 97 | E102: Endministrator | F102: 近卫 | G102: ENDFIELD INDUSTRIES | H102: 猛击, 控制 | I102: 6★ | J102: 单手剑 | K102: 物理 | L102: 敏捷 | M102: 力量 | N102: 5888 | O102: 342 | P102: 0 | Q102: 132.2730906795707 | R102: 150.80412371133974 | S102: 103.81443298969104 | T102: 114.74226804123676 | U102: 5.0% | V102: 50.0% | W102: 3 | X102: 0.14 | Y102: 1.24489795918367 | Z102: 1.48979591836735 | AA102: 4 | AB102: 【最后的苏醒】战技构成序列消耗源石结晶时，返还50点技力。 | AC102: 【权能映射】天赋本质瓦解效果加强：自身获得攻击力提升时，其他友方干员获得一半的攻击力提升效果。 | AD102: 【？？？】？？？ | AE102: 【？？？】？？？ | AF102: 【？？？】？？？ | AG102: 【游刃】干员敏捷能力值提升10。 | AH102: 【游刃】干员敏捷能力值提升15。 | AI102: 【游刃】干员敏捷能力值提升15。 | AJ102: 【游刃】干员敏捷能力值提升20。 | AK102: 1 | AL102: 【本质瓦解 Lv.1】当敌人附着的源石结晶被消耗后，自身攻击力+15%，持续15秒，该效果无法叠加。 | AM102: 【本质瓦解 Lv.1】当敌人附着的源石结晶被消耗后，自身攻击力+15%，持续15秒，该效果无法叠加。 | AN102: 【本质瓦解 Lv.2】当敌人附着的源石结晶被消耗后，自身攻击力+30%，持续15秒，该效果无法叠加。 | AO102: 无 | AP102: 1 | AQ102: 【现实静滞 Lv.1】附着源石结晶的敌人受到的物理伤害+10%。 | AR102: 【现实静滞 Lv.1】附着源石结晶的敌人受到的物理伤害+10%。 | AS102: 【现实静滞 Lv.2】附着源石结晶的敌人受到的物理伤害+20%。 | AT102: 无
A103: chr_0002_endminm_98 | B103: chr_0002_endminm | C103: 管理员(男) | D103: 98 | E103: Endministrator | F103: 近卫 | G103: ENDFIELD INDUSTRIES | H103: 猛击, 控制 | I103: 6★ | J103: 单手剑 | K103: 物理 | L103: 敏捷 | M103: 力量 | N103: 5944 | O103: 345 | P103: 0 | Q103: 133.49737008205335 | R103: 152.22680412371088 | S103: 104.79381443299002 | T103: 115.82474226804088 | U103: 5.0% | V103: 50.0% | W103: 3 | X103: 0.14 | Y103: 1.24744897959184 | Z103: 1.49489795918367 | AA103: 4 | AB103: 【最后的苏醒】战技构成序列消耗源石结晶时，返还50点技力。 | AC103: 【权能映射】天赋本质瓦解效果加强：自身获得攻击力提升时，其他友方干员获得一半的攻击力提升效果。 | AD103: 【？？？】？？？ | AE103: 【？？？】？？？ | AF103: 【？？？】？？？ | AG103: 【游刃】干员敏捷能力值提升10。 | AH103: 【游刃】干员敏捷能力值提升15。 | AI103: 【游刃】干员敏捷能力值提升15。 | AJ103: 【游刃】干员敏捷能力值提升20。 | AK103: 1 | AL103: 【本质瓦解 Lv.1】当敌人附着的源石结晶被消耗后，自身攻击力+15%，持续15秒，该效果无法叠加。 | AM103: 【本质瓦解 Lv.1】当敌人附着的源石结晶被消耗后，自身攻击力+15%，持续15秒，该效果无法叠加。 | AN103: 【本质瓦解 Lv.2】当敌人附着的源石结晶被消耗后，自身攻击力+30%，持续15秒，该效果无法叠加。 | AO103: 无 | AP103: 1 | AQ103: 【现实静滞 Lv.1】附着源石结晶的敌人受到的物理伤害+10%。 | AR103: 【现实静滞 Lv.1】附着源石结晶的敌人受到的物理伤害+10%。 | AS103: 【现实静滞 Lv.2】附着源石结晶的敌人受到的物理伤害+20%。 | AT103: 无
A104: chr_0002_endminm_99 | B104: chr_0002_endminm | C104: 管理员(男) | D104: 99 | E104: Endministrator | F104: 近卫 | G104: ENDFIELD INDUSTRIES | H104: 猛击, 控制 | I104: 6★ | J104: 单手剑 | K104: 物理 | L104: 敏捷 | M104: 力量 | N104: 6000 | O104: 348 | P104: 0 | Q104: 134.721649484536 | R104: 153.649484536082 | S104: 105.773195876289 | T104: 116.907216494845 | U104: 5.0% | V104: 50.0% | W104: 3 | X104: 0.14 | Y104: 1.25 | Z104: 1.5 | AA104: 4 | AB104: 【最后的苏醒】战技构成序列消耗源石结晶时，返还50点技力。 | AC104: 【权能映射】天赋本质瓦解效果加强：自身获得攻击力提升时，其他友方干员获得一半的攻击力提升效果。 | AD104: 【？？？】？？？ | AE104: 【？？？】？？？ | AF104: 【？？？】？？？ | AG104: 【游刃】干员敏捷能力值提升10。 | AH104: 【游刃】干员敏捷能力值提升15。 | AI104: 【游刃】干员敏捷能力值提升15。 | AJ104: 【游刃】干员敏捷能力值提升20。 | AK104: 1 | AL104: 【本质瓦解 Lv.1】当敌人附着的源石结晶被消耗后，自身攻击力+15%，持续15秒，该效果无法叠加。 | AM104: 【本质瓦解 Lv.1】当敌人附着的源石结晶被消耗后，自身攻击力+15%，持续15秒，该效果无法叠加。 | AN104: 【本质瓦解 Lv.2】当敌人附着的源石结晶被消耗后，自身攻击力+30%，持续15秒，该效果无法叠加。 | AO104: 无 | AP104: 1 | AQ104: 【现实静滞 Lv.1】附着源石结晶的敌人受到的物理伤害+10%。 | AR104: 【现实静滞 Lv.1】附着源石结晶的敌人受到的物理伤害+10%。 | AS104: 【现实静滞 Lv.2】附着源石结晶的敌人受到的物理伤害+20%。 | AT104: 无
A105: chr_0020_meurs_1 | B105: chr_0020_meurs | C105: 卡契尔 | D105: 1 | E105: Catcher | F105: 重装 | G105: ENDFIELD INDUSTRIES | H105: 庇护, 护盾, 虚弱 | I105: 4★ | J105: 双手剑 | K105: 物理 | L105: 力量 | M105: 意志 | N105: 500 | O105: 30 | P105: 0 | Q105: 21.6494845360825 | R105: 9.79381443298969 | S105: 8.76288659793815 | T105: 11.4536082474227 | U105: 5.0% | V105: 50.0% | W105: 3 | X105: 0.0958125 | Y105: 1.0 | Z105: 1.0 | AA105: 0 | AB105: 【多重战备】战技刚性阻击和终结技教科书式猛攻命中敌人后，额外造成一次[300+防御力×5.0]的物理伤害。 | AC105: 【额外特训】防御力+20，意志+10。 | AD105: 【不屈心锚】连携技即时压制提供的护盾持续时间+5秒。 | AE105: 【苦难代偿】终结技教科书式猛攻所需的终结技能量-10%。 | AF105: 【无悔抉择】卡契尔存在护盾时，战技刚性阻击成功命中敌人后返还10点技力。 | AG105: 无 | AH105: 无 | AI105: 无 | AJ105: 无 | AK105: 1 | AL105: 无 | AM105: 无 | AN105: 无 | AO105: 无 | AP105: 1 | AQ105: 无 | AR105: 无 | AS105: 无 | AT105: 无
A106: chr_0020_meurs_2 | B106: chr_0020_meurs | C106: 卡契尔 | D106: 2 | E106: Catcher | F106: 重装 | G106: ENDFIELD INDUSTRIES | H106: 庇护, 护盾, 虚弱 | I106: 4★ | J106: 双手剑 | K106: 物理 | L106: 力量 | M106: 意志 | N106: 556 | O106: 33 | P106: 0 | Q106: 23.388386282348016 | R106: 10.773195876288662 | S106: 9.639175257731965 | T106: 12.523984851672653 | U106: 5.0% | V106: 50.0% | W106: 3 | X106: 0.0958125 | Y106: 1.00255102040816 | Z106: 1.00510204081633 | AA106: 0 | AB106: 【多重战备】战技刚性阻击和终结技教科书式猛攻命中敌人后，额外造成一次[300+防御力×5.0]的物理伤害。 | AC106: 【额外特训】防御力+20，意志+10。 | AD106: 【不屈心锚】连携技即时压制提供的护盾持续时间+5秒。 | AE106: 【苦难代偿】终结技教科书式猛攻所需的终结技能量-10%。 | AF106: 【无悔抉择】卡契尔存在护盾时，战技刚性阻击成功命中敌人后返还10点技力。 | AG106: 无 | AH106: 无 | AI106: 无 | AJ106: 无 | AK106: 1 | AL106: 无 | AM106: 无 | AN106: 无 | AO106: 无 | AP106: 1 | AQ106: 无 | AR106: 无 | AS106: 无 | AT106: 无
A107: chr_0020_meurs_3 | B107: chr_0020_meurs | C107: 卡契尔 | D107: 3 | E107: Catcher | F107: 重装 | G107: ENDFIELD INDUSTRIES | H107: 庇护, 护盾, 虚弱 | I107: 4★ | J107: 双手剑 | K107: 物理 | L107: 力量 | M107: 意志 | N107: 612 | O107: 36 | P107: 0 | Q107: 25.12728802861353 | R107: 11.752577319587635 | S107: 10.51546391752578 | T107: 13.594361455922604 | U107: 5.0% | V107: 50.0% | W107: 3 | X107: 0.0958125 | Y107: 1.00510204081633 | Z107: 1.01020408163265 | AA107: 0 | AB107: 【多重战备】战技刚性阻击和终结技教科书式猛攻命中敌人后，额外造成一次[300+防御力×5.0]的物理伤害。 | AC107: 【额外特训】防御力+20，意志+10。 | AD107: 【不屈心锚】连携技即时压制提供的护盾持续时间+5秒。 | AE107: 【苦难代偿】终结技教科书式猛攻所需的终结技能量-10%。 | AF107: 【无悔抉择】卡契尔存在护盾时，战技刚性阻击成功命中敌人后返还10点技力。 | AG107: 无 | AH107: 无 | AI107: 无 | AJ107: 无 | AK107: 1 | AL107: 无 | AM107: 无 | AN107: 无 | AO107: 无 | AP107: 1 | AQ107: 无 | AR107: 无 | AS107: 无 | AT107: 无
A108: chr_0020_meurs_4 | B108: chr_0020_meurs | C108: 卡契尔 | D108: 4 | E108: Catcher | F108: 重装 | G108: ENDFIELD INDUSTRIES | H108: 庇护, 护盾, 虚弱 | I108: 4★ | J108: 双手剑 | K108: 物理 | L108: 力量 | M108: 意志 | N108: 668 | O108: 39 | P108: 0 | Q108: 26.866189774879047 | R108: 12.731958762886606 | S108: 11.391752577319595 | T108: 14.664738060172557 | U108: 5.0% | V108: 50.0% | W108: 3 | X108: 0.0958125 | Y108: 1.00765306122449 | Z108: 1.01530612244898 | AA108: 0 | AB108: 【多重战备】战技刚性阻击和终结技教科书式猛攻命中敌人后，额外造成一次[300+防御力×5.0]的物理伤害。 | AC108: 【额外特训】防御力+20，意志+10。 | AD108: 【不屈心锚】连携技即时压制提供的护盾持续时间+5秒。 | AE108: 【苦难代偿】终结技教科书式猛攻所需的终结技能量-10%。 | AF108: 【无悔抉择】卡契尔存在护盾时，战技刚性阻击成功命中敌人后返还10点技力。 | AG108: 无 | AH108: 无 | AI108: 无 | AJ108: 无 | AK108: 1 | AL108: 无 | AM108: 无 | AN108: 无 | AO108: 无 | AP108: 1 | AQ108: 无 | AR108: 无 | AS108: 无 | AT108: 无
A109: chr_0020_meurs_5 | B109: chr_0020_meurs | C109: 卡契尔 | D109: 5 | E109: Catcher | F109: 重装 | G109: ENDFIELD INDUSTRIES | H109: 庇护, 护盾, 虚弱 | I109: 4★ | J109: 双手剑 | K109: 物理 | L109: 力量 | M109: 意志 | N109: 724 | O109: 42 | P109: 0 | Q109: 28.605091521144562 | R109: 13.711340206185579 | S109: 12.26804123711341 | T109: 15.735114664422508 | U109: 5.0% | V109: 50.0% | W109: 3 | X109: 0.0958125 | Y109: 1.01020408163265 | Z109: 1.02040816326531 | AA109: 0 | AB109: 【多重战备】战技刚性阻击和终结技教科书式猛攻命中敌人后，额外造成一次[300+防御力×5.0]的物理伤害。 | AC109: 【额外特训】防御力+20，意志+10。 | AD109: 【不屈心锚】连携技即时压制提供的护盾持续时间+5秒。 | AE109: 【苦难代偿】终结技教科书式猛攻所需的终结技能量-10%。 | AF109: 【无悔抉择】卡契尔存在护盾时，战技刚性阻击成功命中敌人后返还10点技力。 | AG109: 无 | AH109: 无 | AI109: 无 | AJ109: 无 | AK109: 1 | AL109: 无 | AM109: 无 | AN109: 无 | AO109: 无 | AP109: 1 | AQ109: 无 | AR109: 无 | AS109: 无 | AT109: 无
A110: chr_0020_meurs_6 | B110: chr_0020_meurs | C110: 卡契尔 | D110: 6 | E110: Catcher | F110: 重装 | G110: ENDFIELD INDUSTRIES | H110: 庇护, 护盾, 虚弱 | I110: 4★ | J110: 双手剑 | K110: 物理 | L110: 力量 | M110: 意志 | N110: 781 | O110: 45 | P110: 0 | Q110: 30.343993267410077 | R110: 14.690721649484551 | S110: 13.144329896907225 | T110: 16.805491268672462 | U110: 5.0% | V110: 50.0% | W110: 3 | X110: 0.0958125 | Y110: 1.01275510204082 | Z110: 1.02551020408163 | AA110: 0 | AB110: 【多重战备】战技刚性阻击和终结技教科书式猛攻命中敌人后，额外造成一次[300+防御力×5.0]的物理伤害。 | AC110: 【额外特训】防御力+20，意志+10。 | AD110: 【不屈心锚】连携技即时压制提供的护盾持续时间+5秒。 | AE110: 【苦难代偿】终结技教科书式猛攻所需的终结技能量-10%。 | AF110: 【无悔抉择】卡契尔存在护盾时，战技刚性阻击成功命中敌人后返还10点技力。 | AG110: 无 | AH110: 无 | AI110: 无 | AJ110: 无 | AK110: 1 | AL110: 无 | AM110: 无 | AN110: 无 | AO110: 无 | AP110: 1 | AQ110: 无 | AR110: 无 | AS110: 无 | AT110: 无
A111: chr_0020_meurs_7 | B111: chr_0020_meurs | C111: 卡契尔 | D111: 7 | E111: Catcher | F111: 重装 | G111: ENDFIELD INDUSTRIES | H111: 庇护, 护盾, 虚弱 | I111: 4★ | J111: 双手剑 | K111: 物理 | L111: 力量 | M111: 意志 | N111: 837 | O111: 48 | P111: 0 | Q111: 32.082895013675596 | R111: 15.670103092783524 | S111: 14.02061855670104 | T111: 17.875867872922413 | U111: 5.0% | V111: 50.0% | W111: 3 | X111: 0.0958125 | Y111: 1.01530612244898 | Z111: 1.03061224489796 | AA111: 0 | AB111: 【多重战备】战技刚性阻击和终结技教科书式猛攻命中敌人后，额外造成一次[300+防御力×5.0]的物理伤害。 | AC111: 【额外特训】防御力+20，意志+10。 | AD111: 【不屈心锚】连携技即时压制提供的护盾持续时间+5秒。 | AE111: 【苦难代偿】终结技教科书式猛攻所需的终结技能量-10%。 | AF111: 【无悔抉择】卡契尔存在护盾时，战技刚性阻击成功命中敌人后返还10点技力。 | AG111: 无 | AH111: 无 | AI111: 无 | AJ111: 无 | AK111: 1 | AL111: 无 | AM111: 无 | AN111: 无 | AO111: 无 | AP111: 1 | AQ111: 无 | AR111: 无 | AS111: 无 | AT111: 无
... A2679: chr_0029_pograni_99 | B2679: chr_0029_pograni | C2679: 骏卫 | D2679: 99 | E2679: Pogranichnik | F2679: 先锋 | G2679: ENDFIELD INDUSTRIES | H2679: 技力恢复, 碎甲 | I2679: 6★ | J2679: 单手剑 | K2679: 物理 | L2679: 意志 | M2679: 敏捷 | N2679: 6000 | O2679: 350 | P2679: 0 | Q2679: 110.226804123711 | R2679: 120.024742268041 | S2679: 105.773195876289 | T2679: 188.721649484536 | U2679: 5.0% | V2679: 50.0% | W2679: 3 | X2679: 0.14 | Y2679: 1.25 | Z2679: 1.5 | AA2679: 4 | AB2679: 【阵线扫荡】战技粉碎阵线命中至少两个敌人时，返还15点技力。 | AC2679: 【“行军”】意志+20，造成的物理伤害+10%。 | AD2679: 【战旗飘扬时】天赋活着的旗帜效果加强：获得士气激昂所需的技力恢复量降低至60点。自身士气激昂最大叠加层数+2。 | AE2679: 【塔卫二之盾】终结技盾卫旗队，上前所需的终结技能量-15%。 | AF2679: 【新铸剑锋】连携技盈月邀击冷却时间-2秒，且技力恢复量变为原本的1.2倍。 | AG2679: 【守誓】干员意志能力值提升10。 | AH2679: 【守誓】干员意志能力值提升15。 | AI2679: 【守誓】干员意志能力值提升15。 | AJ2679: 【守誓】干员意志能力值提升20。 | AK2679: 1 | AL2679: 【战术教导 Lv.2】当任意干员触发终结技盾卫旗队，上前的后续效果后，也会获得持续10秒的士气激昂。需要激活天赋活着的旗帜。 | AM2679: 【战术教导 Lv.1】当任意干员触发终结技盾卫旗队，上前的后续效果后，也会获得持续5秒的士气激昂。需要激活天赋活着的旗帜。 | AN2679: 【战术教导 Lv.2】当任意干员触发终结技盾卫旗队，上前的后续效果后，也会获得持续10秒的士气激昂。需要激活天赋活着的旗帜。 | AO2679: 无 | AP2679: 1 | AQ2679: 【活着的旗帜 Lv.1】战斗中，通过自身技能每恢复80点技力后，获得持续20秒的士气激昂。士气激昂效果：攻击力+4%，源石技艺强度+4。该效果最多叠加3层，每层单独计算时间。 | AR2679: 【活着的旗帜 Lv.1】战斗中，通过自身技能每恢复80点技力后，获得持续20秒的士气激昂。士气激昂效果：攻击力+4%，源石技艺强度+4。该效果最多叠加3层，每层单独计算时间。 | AS2679: 【活着的旗帜 Lv.2】战斗中，通过自身技能每恢复80点技力后，获得持续20秒的士气激昂。士气激昂效果：攻击力+8%，源石技艺强度+8。该效果最多叠加3层，每层单独计算时间。 | AT2679: 无

Sheet 终末地干员数据
A1: 干员ID | B1: 干员名称 | C1: 等级 | D1: 英文名 | E1: 职业 | F1: 阵营 | G1: 标签 | H1: 稀有度 | I1: 武器类型 | J1: 干员属性 | K1: 主属性 | L1: 副属性 | M1: 生命值 | N1: 攻击力 | O1: 防御力 | P1: 力量 | Q1: 敏捷 | R1: 智识 | S1: 意志 | T1: 暴击率 | U1: 暴击伤害 | V1: 普通攻击范围 | W1: 韧性削减系数 | X1: 物理等级系数 | Y1: 法术等级系数 | Z1: 精英化等阶 | AA1: 潜能天赋① | AB1: 潜能天赋② | AC1: 潜能天赋③ | AD1: 潜能天赋④ | AE1: 潜能天赋⑤ | AF1: 信赖天赋节点① | AG1: 信赖天赋节点② | AH1: 信赖天赋节点③ | AI1: 信赖天赋节点④ | AJ1: 技能天赋节点①等级 | AK1: 技能天赋节点①效果 | AL1: 技能天赋节点②等级 | AM1: 技能天赋节点②效果
A2: chr_9000_endmin | B2: =VLOOKUP("chr_9000_endmin_90", DataSource!$A:$P, 3, FALSE) -> 管理员 | C2: 90 | D2: =VLOOKUP($A2&"_"&$C2, DataSource!$A:$AT, 5, FALSE) -> Endministrator | E2: =VLOOKUP($A2&"_"&$C2, DataSource!$A:$AT, 6, FALSE) -> 近卫 | F2: =VLOOKUP($A2&"_"&$C2, DataSource!$A:$AT, 7, FALSE) -> ENDFIELD INDUSTRIES | G2: =VLOOKUP($A2&"_"&$C2, DataSource!$A:$AT, 8, FALSE) -> 猛击, 控制 | H2: =VLOOKUP($A2&"_"&$C2, DataSource!$A:$AT, 9, FALSE) -> 6★ | I2: =VLOOKUP($A2&"_"&$C2, DataSource!$A:$AT, 10, FALSE) -> 单手剑 | J2: =VLOOKUP($A2&"_"&$C2, DataSource!$A:$AT, 11, FALSE) -> 物理 | K2: =VLOOKUP($A2&"_"&$C2, DataSource!$A:$AT, 12, FALSE) -> 敏捷 | L2: =VLOOKUP($A2&"_"&$C2, DataSource!$A:$AT, 13, FALSE) -> 力量 | M2: =VLOOKUP($A2&"_"&$C2, DataSource!$A:$AT, 14, FALSE) -> 5495 | N2: =VLOOKUP($A2&"_"&$C2, DataSource!$A:$AT, 15, FALSE) -> 319 | O2: =VLOOKUP($A2&"_"&$C2, DataSource!$A:$AT, 16, FALSE) -> 0 | P2: =VLOOKUP($A2&"_"&$C2, DataSource!$A:$AT, 17, FALSE) -> 123.70313486219221 | Q2: =VLOOKUP($A2&"_"&$C2, DataSource!$A:$AT, 18, FALSE) -> 140.84536082474185 | R2: =VLOOKUP($A2&"_"&$C2, DataSource!$A:$AT, 19, FALSE) -> 96.95876288659824 | S2: =VLOOKUP($A2&"_"&$C2, DataSource!$A:$AT, 20, FALSE) -> 107.16494845360792 | T2: =VLOOKUP($A2&"_"&$C2, DataSource!$A:$AT, 21, FALSE) -> 5.0% | U2: =VLOOKUP($A2&"_"&$C2, DataSource!$A:$AT, 22, FALSE) -> 50.0% | V2: =VLOOKUP($A2&"_"&$C2, DataSource!$A:$AT, 23, FALSE) -> 3 | W2: =VLOOKUP($A2&"_"&$C2, DataSource!$A:$AT, 24, FALSE) -> 0.14 | X2: =VLOOKUP($A2&"_"&$C2, DataSource!$A:$AT, 25, FALSE) -> 1.22704081632653 | Y2: =VLOOKUP($A2&"_"&$C2, DataSource!$A:$AT, 26, FALSE) -> 1.45408163265306 | Z2: =VLOOKUP($A2&"_"&$C2, DataSource!$A:$AT, 27, FALSE) -> 4 | AA2: =VLOOKUP($A2&"_"&$C2, DataSource!$A:$AT, 28, FALSE) -> 【最后的苏醒】战技构成序列消耗源石结晶时，返还50点技力。 | AB2: =VLOOKUP($A2&"_"&$C2, DataSource!$A:$AT, 29, FALSE) -> 【权能映射】天赋本质瓦解效果加强：自身获得攻击力提升时，其他友方干员获得一半的攻击力提升效果。 | AC2: =VLOOKUP($A2&"_"&$C2, DataSource!$A:$AT, 30, FALSE) -> 【？？？】？？？ | AD2: =VLOOKUP($A2&"_"&$C2, DataSource!$A:$AT, 31, FALSE) -> 【？？？】？？？ | AE2: =VLOOKUP($A2&"_"&$C2, DataSource!$A:$AT, 32, FALSE) -> 【？？？】？？？ | AF2: =VLOOKUP($A2&"_"&$C2, DataSource!$A:$AT, 33, FALSE) -> 【游刃】干员敏捷能力值提升10。 | AG2: =VLOOKUP($A2&"_"&$C2, DataSource!$A:$AT, 34, FALSE) -> 【游刃】干员敏捷能力值提升15。 | AH2: =VLOOKUP($A2&"_"&$C2, DataSource!$A:$AT, 35, FALSE) -> 【游刃】干员敏捷能力值提升15。 | AI2: =VLOOKUP($A2&"_"&$C2, DataSource!$A:$AT, 36, FALSE) -> 【游刃】干员敏捷能力值提升20。 | AJ2: 1 | AK2: =VLOOKUP($A2&"_"&$C2, DataSource!$A:$AT, 39 + AJ2 - 1, FALSE) -> 【本质瓦解 Lv.1】当敌人附着的源石结晶被消耗后，自身攻击力+15%，持续15秒，该效果无法叠加。 | AL2: 1 | AM2: =VLOOKUP($A2&"_"&$C2, DataSource!$A:$AT, 44 + AL2 - 1, FALSE) -> 【现实静滞 Lv.1】附着源石结晶的敌人受到的物理伤害+10%。
A3: chr_0002_endminm | B3: =VLOOKUP("chr_0002_endminm_90", DataSource!$A:$P, 3, FALSE) -> 管理员(男) | C3: 90 | D3: =VLOOKUP($A3&"_"&$C3, DataSource!$A:$AT, 5, FALSE) -> Endministrator | E3: =VLOOKUP($A3&"_"&$C3, DataSource!$A:$AT, 6, FALSE) -> 近卫 | F3: =VLOOKUP($A3&"_"&$C3, DataSource!$A:$AT, 7, FALSE) -> ENDFIELD INDUSTRIES | G3: =VLOOKUP($A3&"_"&$C3, DataSource!$A:$AT, 8, FALSE) -> 猛击, 控制 | H3: =VLOOKUP($A3&"_"&$C3, DataSource!$A:$AT, 9, FALSE) -> 6★ | I3: =VLOOKUP($A3&"_"&$C3, DataSource!$A:$AT, 10, FALSE) -> 单手剑 | J3: =VLOOKUP($A3&"_"&$C3, DataSource!$A:$AT, 11, FALSE) -> 物理 | K3: =VLOOKUP($A3&"_"&$C3, DataSource!$A:$AT, 12, FALSE) -> 敏捷 | L3: =VLOOKUP($A3&"_"&$C3, DataSource!$A:$AT, 13, FALSE) -> 力量 | M3: =VLOOKUP($A3&"_"&$C3, DataSource!$A:$AT, 14, FALSE) -> 5495 | N3: =VLOOKUP($A3&"_"&$C3, DataSource!$A:$AT, 15, FALSE) -> 319 | O3: =VLOOKUP($A3&"_"&$C3, DataSource!$A:$AT, 16, FALSE) -> 0 | P3: =VLOOKUP($A3&"_"&$C3, DataSource!$A:$AT, 17, FALSE) -> 123.70313486219221 | Q3: =VLOOKUP($A3&"_"&$C3, DataSource!$A:$AT, 18, FALSE) -> 140.84536082474185 | R3: =VLOOKUP($A3&"_"&$C3, DataSource!$A:$AT, 19, FALSE) -> 96.95876288659824 | S3: =VLOOKUP($A3&"_"&$C3, DataSource!$A:$AT, 20, FALSE) -> 107.16494845360792 | T3: =VLOOKUP($A3&"_"&$C3, DataSource!$A:$AT, 21, FALSE) -> 5.0% | U3: =VLOOKUP($A3&"_"&$C3, DataSource!$A:$AT, 22, FALSE) -> 50.0% | V3: =VLOOKUP($A3&"_"&$C3, DataSource!$A:$AT, 23, FALSE) -> 3 | W3: =VLOOKUP($A3&"_"&$C3, DataSource!$A:$AT, 24, FALSE) -> 0.14 | X3: =VLOOKUP($A3&"_"&$C3, DataSource!$A:$AT, 25, FALSE) -> 1.22704081632653 | Y3: =VLOOKUP($A3&"_"&$C3, DataSource!$A:$AT, 26, FALSE) -> 1.45408163265306 | Z3: =VLOOKUP($A3&"_"&$C3, DataSource!$A:$AT, 27, FALSE) -> 4 | AA3: =VLOOKUP($A3&"_"&$C3, DataSource!$A:$AT, 28, FALSE) -> 【最后的苏醒】战技构成序列消耗源石结晶时，返还50点技力。 | AB3: =VLOOKUP($A3&"_"&$C3, DataSource!$A:$AT, 29, FALSE) -> 【权能映射】天赋本质瓦解效果加强：自身获得攻击力提升时，其他友方干员获得一半的攻击力提升效果。 | AC3: =VLOOKUP($A3&"_"&$C3, DataSource!$A:$AT, 30, FALSE) -> 【？？？】？？？ | AD3: =VLOOKUP($A3&"_"&$C3, DataSource!$A:$AT, 31, FALSE) -> 【？？？】？？？ | AE3: =VLOOKUP($A3&"_"&$C3, DataSource!$A:$AT, 32, FALSE) -> 【？？？】？？？ | AF3: =VLOOKUP($A3&"_"&$C3, DataSource!$A:$AT, 33, FALSE) -> 【游刃】干员敏捷能力值提升10。 | AG3: =VLOOKUP($A3&"_"&$C3, DataSource!$A:$AT, 34, FALSE) -> 【游刃】干员敏捷能力值提升15。 | AH3: =VLOOKUP($A3&"_"&$C3, DataSource!$A:$AT, 35, FALSE) -> 【游刃】干员敏捷能力值提升15。 | AI3: =VLOOKUP($A3&"_"&$C3, DataSource!$A:$AT, 36, FALSE) -> 【游刃】干员敏捷能力值提升20。 | AJ3: 1 | AK3: =VLOOKUP($A3&"_"&$C3, DataSource!$A:$AT, 39 + AJ3 - 1, FALSE) -> 【本质瓦解 Lv.1】当敌人附着的源石结晶被消耗后，自身攻击力+15%，持续15秒，该效果无法叠加。 | AL3: 1 | AM3: =VLOOKUP($A3&"_"&$C3, DataSource!$A:$AT, 44 + AL3 - 1, FALSE) -> 【现实静滞 Lv.1】附着源石结晶的敌人受到的物理伤害+10%。
A4: chr_0003_endminf | B4: =VLOOKUP("chr_0003_endminf_90", DataSource!$A:$P, 3, FALSE) -> 管理员(女) | C4: 90 | D4: =VLOOKUP($A4&"_"&$C4, DataSource!$A:$AT, 5, FALSE) -> Endministrator | E4: =VLOOKUP($A4&"_"&$C4, DataSource!$A:$AT, 6, FALSE) -> 近卫 | F4: =VLOOKUP($A4&"_"&$C4, DataSource!$A:$AT, 7, FALSE) -> ENDFIELD INDUSTRIES | G4: =VLOOKUP($A4&"_"&$C4, DataSource!$A:$AT, 8, FALSE) -> 猛击, 控制 | H4: =VLOOKUP($A4&"_"&$C4, DataSource!$A:$AT, 9, FALSE) -> 6★ | I4: =VLOOKUP($A4&"_"&$C4, DataSource!$A:$AT, 10, FALSE) -> 单手剑 | J4: =VLOOKUP($A4&"_"&$C4, DataSource!$A:$AT, 11, FALSE) -> 物理 | K4: =VLOOKUP($A4&"_"&$C4, DataSource!$A:$AT, 12, FALSE) -> 敏捷 | L4: =VLOOKUP($A4&"_"&$C4, DataSource!$A:$AT, 13, FALSE) -> 力量 | M4: =VLOOKUP($A4&"_"&$C4, DataSource!$A:$AT, 14, FALSE) -> 5495 | N4: =VLOOKUP($A4&"_"&$C4, DataSource!$A:$AT, 15, FALSE) -> 319 | O4: =VLOOKUP($A4&"_"&$C4, DataSource!$A:$AT, 16, FALSE) -> 0 | P4: =VLOOKUP($A4&"_"&$C4, DataSource!$A:$AT, 17, FALSE) -> 123.70313486219221 | Q4: =VLOOKUP($A4&"_"&$C4, DataSource!$A:$AT, 18, FALSE) -> 140.84536082474185 | R4: =VLOOKUP($A4&"_"&$C4, DataSource!$A:$AT, 19, FALSE) -> 96.95876288659824 | S4: =VLOOKUP($A4&"_"&$C4, DataSource!$A:$AT, 20, FALSE) -> 107.16494845360792 | T4: =VLOOKUP($A4&"_"&$C4, DataSource!$A:$AT, 21, FALSE) -> 5.0% | U4: =VLOOKUP($A4&"_"&$C4, DataSource!$A:$AT, 22, FALSE) -> 50.0% | V4: =VLOOKUP($A4&"_"&$C4, DataSource!$A:$AT, 23, FALSE) -> 3 | W4: =VLOOKUP($A4&"_"&$C4, DataSource!$A:$AT, 24, FALSE) -> 0.14 | X4: =VLOOKUP($A4&"_"&$C4, DataSource!$A:$AT, 25, FALSE) -> 1.22704081632653 | Y4: =VLOOKUP($A4&"_"&$C4, DataSource!$A:$AT, 26, FALSE) -> 1.45408163265306 | Z4: =VLOOKUP($A4&"_"&$C4, DataSource!$A:$AT, 27, FALSE) -> 4 | AA4: =VLOOKUP($A4&"_"&$C4, DataSource!$A:$AT, 28, FALSE) -> 【最后的苏醒】战技构成序列消耗源石结晶时，返还50点技力。 | AB4: =VLOOKUP($A4&"_"&$C4, DataSource!$A:$AT, 29, FALSE) -> 【权能映射】天赋本质瓦解效果加强：自身获得攻击力提升时，其他友方干员获得一半的攻击力提升效果。 | AC4: =VLOOKUP($A4&"_"&$C4, DataSource!$A:$AT, 30, FALSE) -> 【？？？】？？？ | AD4: =VLOOKUP($A4&"_"&$C4, DataSource!$A:$AT, 31, FALSE) -> 【？？？】？？？ | AE4: =VLOOKUP($A4&"_"&$C4, DataSource!$A:$AT, 32, FALSE) -> 【？？？】？？？ | AF4: =VLOOKUP($A4&"_"&$C4, DataSource!$A:$AT, 33, FALSE) -> 【游刃】干员敏捷能力值提升10。 | AG4: =VLOOKUP($A4&"_"&$C4, DataSource!$A:$AT, 34, FALSE) -> 【游刃】干员敏捷能力值提升15。 | AH4: =VLOOKUP($A4&"_"&$C4, DataSource!$A:$AT, 35, FALSE) -> 【游刃】干员敏捷能力值提升15。 | AI4: =VLOOKUP($A4&"_"&$C4, DataSource!$A:$AT, 36, FALSE) -> 【游刃】干员敏捷能力值提升20。 | AJ4: 1 | AK4: =VLOOKUP($A4&"_"&$C4, DataSource!$A:$AT, 39 + AJ4 - 1, FALSE) -> 【本质瓦解 Lv.1】当敌人附着的源石结晶被消耗后，自身攻击力+15%，持续15秒，该效果无法叠加。 | AL4: 1 | AM4: =VLOOKUP($A4&"_"&$C4, DataSource!$A:$AT, 44 + AL4 - 1, FALSE) -> 【现实静滞 Lv.1】附着源石结晶的敌人受到的物理伤害+10%。
A5: chr_0004_pelica | B5: =VLOOKUP("chr_0004_pelica_90", DataSource!$A:$P, 3, FALSE) -> 佩丽卡 | C5: 90 | D5: =VLOOKUP($A5&"_"&$C5, DataSource!$A:$AT, 5, FALSE) -> Perlica | E5: =VLOOKUP($A5&"_"&$C5, DataSource!$A:$AT, 6, FALSE) -> 术师 | F5: =VLOOKUP($A5&"_"&$C5, DataSource!$A:$AT, 7, FALSE) -> ENDFIELD INDUSTRIES | G5: =VLOOKUP($A5&"_"&$C5, DataSource!$A:$AT, 8, FALSE) -> 电磁附着, 导电 | H5: =VLOOKUP($A5&"_"&$C5, DataSource!$A:$AT, 9, FALSE) -> 5★ | I5: =VLOOKUP($A5&"_"&$C5, DataSource!$A:$AT, 10, FALSE) -> 施术单元 | J5: =VLOOKUP($A5&"_"&$C5, DataSource!$A:$AT, 11, FALSE) -> 电磁 | K5: =VLOOKUP($A5&"_"&$C5, DataSource!$A:$AT, 12, FALSE) -> 智识 | L5: =VLOOKUP($A5&"_"&$C5, DataSource!$A:$AT, 13, FALSE) -> 意志 | M5: =VLOOKUP($A5&"_"&$C5, DataSource!$A:$AT, 14, FALSE) -> 5495 | N5: =VLOOKUP($A5&"_"&$C5, DataSource!$A:$AT, 15, FALSE) -> 303 | O5: =VLOOKUP($A5&"_"&$C5, DataSource!$A:$AT, 16, FALSE) -> 0 | P5: =VLOOKUP($A5&"_"&$C5, DataSource!$A:$AT, 17, FALSE) -> 91.8556701030925 | Q5: =VLOOKUP($A5&"_"&$C5, DataSource!$A:$AT, 18, FALSE) -> 93.89690721649515 | R5: =VLOOKUP($A5&"_"&$C5, DataSource!$A:$AT, 19, FALSE) -> 161.6994950557542 | S5: =VLOOKUP($A5&"_"&$C5, DataSource!$A:$AT, 20, FALSE) -> 113.58859667578378 | T5: =VLOOKUP($A5&"_"&$C5, DataSource!$A:$AT, 21, FALSE) -> 5.0% | U5: =VLOOKUP($A5&"_"&$C5, DataSource!$A:$AT, 22, FALSE) -> 50.0% | V5: =VLOOKUP($A5&"_"&$C5, DataSource!$A:$AT, 23, FALSE) -> 10 | W5: =VLOOKUP($A5&"_"&$C5, DataSource!$A:$AT, 24, FALSE) -> 0.13125 | X5: =VLOOKUP($A5&"_"&$C5, DataSource!$A:$AT, 25, FALSE) -> 1.22704081632653 | Y5: =VLOOKUP($A5&"_"&$C5, DataSource!$A:$AT, 26, FALSE) -> 1.45408163265306 | Z5: =VLOOKUP($A5&"_"&$C5, DataSource!$A:$AT, 27, FALSE) -> 4 | AA5: =VLOOKUP($A5&"_"&$C5, DataSource!$A:$AT, 28, FALSE) -> 【危机处理】连携技即时协议·闪链施加的导电持续时间+75%。 | AB5: =VLOOKUP($A5&"_"&$C5, DataSource!$A:$AT, 29, FALSE) -> 【谈判策略】终结技协议ε·70.41κ所需的终结技能量-15%。 | AC5: =VLOOKUP($A5&"_"&$C5, DataSource!$A:$AT, 30, FALSE) -> 【监督重任】当佩丽卡对敌人施加导电后，在5秒内攻击力+20%，该效果最多叠加2层。 | AD5: =VLOOKUP($A5&"_"&$C5, DataSource!$A:$AT, 31, FALSE) -> 【长效导流】连携技即时协议·闪链施加的导电使敌人受到法术伤害提高的效果提升至原本的1.33倍。 | AE5: =VLOOKUP($A5&"_"&$C5, DataSource!$A:$AT, 32, FALSE) -> 【再入控制】终结技协议ε·70.41κ的暴击率+30%。 | AF5: =VLOOKUP($A5&"_"&$C5, DataSource!$A:$AT, 33, FALSE) -> 【明晰】干员智识能力值提升15。 | AG5: =VLOOKUP($A5&"_"&$C5, DataSource!$A:$AT, 34, FALSE) -> 【明晰】干员智识能力值提升20。 | AH5: =VLOOKUP($A5&"_"&$C5, DataSource!$A:$AT, 35, FALSE) -> 【明晰】干员智识能力值提升10。 | AI5: =VLOOKUP($A5&"_"&$C5, DataSource!$A:$AT, 36, FALSE) -> 【明晰】干员智识能力值提升15。 | AJ5: 1 | AK5: =VLOOKUP($A5&"_"&$C5, DataSource!$A:$AT, 39 + AJ5 - 1, FALSE) -> 【循环协议 Lv.1】连携技即时协议·闪链命中处于破防状态的敌人时，还会弹射1次。 | AL5: 1 | AM5: =VLOOKUP($A5&"_"&$C5, DataSource!$A:$AT, 44 + AL5 - 1, FALSE) -> 【歼灭协议 Lv.1】对失衡的敌人造成的伤害+20%。
A6: chr_0005_chen | B6: =VLOOKUP("chr_0005_chen_90", DataSource!$A:$P, 3, FALSE) -> 陈千语 | C6: 90 | D6: =VLOOKUP($A6&"_"&$C6, DataSource!$A:$AT, 5, FALSE) -> Chen Qianyu | E6: =VLOOKUP($A6&"_"&$C6, DataSource!$A:$AT, 6, FALSE) -> 近卫 | F6: =VLOOKUP($A6&"_"&$C6, DataSource!$A:$AT, 7, FALSE) -> ENDFIELD INDUSTRIES | G6: =VLOOKUP($A6&"_"&$C6, DataSource!$A:$AT, 8, FALSE) -> 击飞, 失衡 | H6: =VLOOKUP($A6&"_"&$C6, DataSource!$A:$AT, 9, FALSE) -> 5★ | I6: =VLOOKUP($A6&"_"&$C6, DataSource!$A:$AT, 10, FALSE) -> 单手剑 | J6: =VLOOKUP($A6&"_"&$C6, DataSource!$A:$AT, 11, FALSE) -> 物理 | K6: =VLOOKUP($A6&"_"&$C6, DataSource!$A:$AT, 12, FALSE) -> 敏捷 | L6: =VLOOKUP($A6&"_"&$C6, DataSource!$A:$AT, 13, FALSE) -> 力量 | M6: =VLOOKUP($A6&"_"&$C6, DataSource!$A:$AT, 14, FALSE) -> 5495 | N6: =VLOOKUP($A6&"_"&$C6, DataSource!$A:$AT, 15, FALSE) -> 297 | O6: =VLOOKUP($A6&"_"&$C6, DataSource!$A:$AT, 16, FALSE) -> 0 | P6: =VLOOKUP($A6&"_"&$C6, DataSource!$A:$AT, 17, FALSE) -> 106.65463917525815 | Q6: =VLOOKUP($A6&"_"&$C6, DataSource!$A:$AT, 18, FALSE) -> 171.7621502209135 | R6: =VLOOKUP($A6&"_"&$C6, DataSource!$A:$AT, 19, FALSE) -> 85.75089417210184 | S6: =VLOOKUP($A6&"_"&$C6, DataSource!$A:$AT, 20, FALSE) -> 93.9158426257104 | T6: =VLOOKUP($A6&"_"&$C6, DataSource!$A:$AT, 21, FALSE) -> 5.0% | U6: =VLOOKUP($A6&"_"&$C6, DataSource!$A:$AT, 22, FALSE) -> 50.0% | V6: =VLOOKUP($A6&"_"&$C6, DataSource!$A:$AT, 23, FALSE) -> 3 | W6: =VLOOKUP($A6&"_"&$C6, DataSource!$A:$AT, 24, FALSE) -> 0.14 | X6: =VLOOKUP($A6&"_"&$C6, DataSource!$A:$AT, 25, FALSE) -> 1.22704081632653 | Y6: =VLOOKUP($A6&"_"&$C6, DataSource!$A:$AT, 26, FALSE) -> 1.45408163265306 | Z6: =VLOOKUP($A6&"_"&$C6, DataSource!$A:$AT, 27, FALSE) -> 4 | AA6: =VLOOKUP($A6&"_"&$C6, DataSource!$A:$AT, 28, FALSE) -> 【“绝影”】对生命值少于50%的敌人造成的伤害+20%。 | AB6: =VLOOKUP($A6&"_"&$C6, DataSource!$A:$AT, 29, FALSE) -> 【家传武学】敏捷+15，造成的物理伤害+8%。 | AC6: =VLOOKUP($A6&"_"&$C6, DataSource!$A:$AT, 30, FALSE) -> 【双剑奇侠】战技归穹宇、连携技见天河和终结技冽风霜的伤害倍率提升至原本的1.1倍。 | AD6: =VLOOKUP($A6&"_"&$C6, DataSource!$A:$AT, 31, FALSE) -> 【自研赤霄剑】终结技冽风霜所需的终结技能量-15%。 | AE6: =VLOOKUP($A6&"_"&$C6, DataSource!$A:$AT, 32, FALSE) -> 【心兼人间】连携技见天河的冷却时间-3秒。 | AF6: =VLOOKUP($A6&"_"&$C6, DataSource!$A:$AT, 33, FALSE) -> 【游刃】干员敏捷能力值提升15。 | AG6: =VLOOKUP($A6&"_"&$C6, DataSource!$A:$AT, 34, FALSE) -> 【游刃】干员敏捷能力值提升10。 | AH6: =VLOOKUP($A6&"_"&$C6, DataSource!$A:$AT, 35, FALSE) -> 【游刃】干员敏捷能力值提升15。 | AI6: =VLOOKUP($A6&"_"&$C6, DataSource!$A:$AT, 36, FALSE) -> 【游刃】干员敏捷能力值提升20。 | AJ6: 1 | AK6: =VLOOKUP($A6&"_"&$C6, DataSource!$A:$AT, 39 + AJ6 - 1, FALSE) -> 【斩锋 Lv.1】技能每次命中敌人后，攻击力+4%，持续10秒，该效果最多叠加5层。 | AL6: 1 | AM6: =VLOOKUP($A6&"_"&$C6, DataSource!$A:$AT, 44 + AL6 - 1, FALSE) -> 【破势 Lv.1】技能打断敌人蓄力时，额外对其造成5点失衡。
A7: chr_0006_wolfgd | B7: =VLOOKUP("chr_0006_wolfgd_90", DataSource!$A:$P, 3, FALSE) -> 狼卫 | C7: 90 | D7: =VLOOKUP($A7&"_"&$C7, DataSource!$A:$AT, 5, FALSE) -> Wulfgard | E7: =VLOOKUP($A7&"_"&$C7, DataSource!$A:$AT, 6, FALSE) -> 术师 | F7: =VLOOKUP($A7&"_"&$C7, DataSource!$A:$AT, 7, FALSE) -> ENDFIELD INDUSTRIES | G7: =VLOOKUP($A7&"_"&$C7, DataSource!$A:$AT, 8, FALSE) -> 灼热附着, 燃烧 | H7: =VLOOKUP($A7&"_"&$C7, DataSource!$A:$AT, 9, FALSE) -> 5★ | I7: =VLOOKUP($A7&"_"&$C7, DataSource!$A:$AT, 10, FALSE) -> 手铳 | J7: =VLOOKUP($A7&"_"&$C7, DataSource!$A:$AT, 11, FALSE) -> 灼热 | K7: =VLOOKUP($A7&"_"&$C7, DataSource!$A:$AT, 12, FALSE) -> 力量 | L7: =VLOOKUP($A7&"_"&$C7, DataSource!$A:$AT, 13, FALSE) -> 敏捷 | M7: =VLOOKUP($A7&"_"&$C7, DataSource!$A:$AT, 14, FALSE) -> 5495 | N7: =VLOOKUP($A7&"_"&$C7, DataSource!$A:$AT, 15, FALSE) -> 294 | O7: =VLOOKUP($A7&"_"&$C7, DataSource!$A:$AT, 16, FALSE) -> 0 | P7: =VLOOKUP($A7&"_"&$C7, DataSource!$A:$AT, 17, FALSE) -> 161.71880917315397 | Q7: =VLOOKUP($A7&"_"&$C7, DataSource!$A:$AT, 18, FALSE) -> 95.42783505154625 | R7: =VLOOKUP($A7&"_"&$C7, DataSource!$A:$AT, 19, FALSE) -> 92.87628865979384 | S7: =VLOOKUP($A7&"_"&$C7, DataSource!$A:$AT, 20, FALSE) -> 111.48411529560273 | T7: =VLOOKUP($A7&"_"&$C7, DataSource!$A:$AT, 21, FALSE) -> 5.0% | U7: =VLOOKUP($A7&"_"&$C7, DataSource!$A:$AT, 22, FALSE) -> 50.0% | V7: =VLOOKUP($A7&"_"&$C7, DataSource!$A:$AT, 23, FALSE) -> 10 | W7: =VLOOKUP($A7&"_"&$C7, DataSource!$A:$AT, 24, FALSE) -> 0.105 | X7: =VLOOKUP($A7&"_"&$C7, DataSource!$A:$AT, 25, FALSE) -> 1.22704081632653 | Y7: =VLOOKUP($A7&"_"&$C7, DataSource!$A:$AT, 26, FALSE) -> 1.45408163265306 | Z7: =VLOOKUP($A7&"_"&$C7, DataSource!$A:$AT, 27, FALSE) -> 4 | AA7: =VLOOKUP($A7&"_"&$C7, DataSource!$A:$AT, 28, FALSE) -> 【独狼】力量+15，敏捷+15。 | AB7: =VLOOKUP($A7&"_"&$C7, DataSource!$A:$AT, 29, FALSE) -> 【铳械改造】天赋节制准则效果加强：额外返还10点技力。 | AC7: =VLOOKUP($A7&"_"&$C7, DataSource!$A:$AT, 30, FALSE) -> 【狩猎时刻】灼热獠牙状态下，施放战技触发额外效果时，立即刷新自身灼热獠牙状态的持续时间，同时使小队内其他干员获得灼热獠牙，效果为基础的50%。 | AD7: =VLOOKUP($A7&"_"&$C7, DataSource!$A:$AT, 31, FALSE) -> 【狼群意志】终结技狼之怒所需的终结技能量-15%。 | AE7: =VLOOKUP($A7&"_"&$C7, DataSource!$A:$AT, 32, FALSE) -> 【天生掠食者】施放终结技狼之怒后立即刷新连携技爆裂手雷·β型冷却时间。 | AF7: =VLOOKUP($A7&"_"&$C7, DataSource!$A:$AT, 33, FALSE) -> 【锤炼】干员力量能力值提升10。 | AG7: =VLOOKUP($A7&"_"&$C7, DataSource!$A:$AT, 34, FALSE) -> 【锤炼】干员力量能力值提升15。 | AH7: =VLOOKUP($A7&"_"&$C7, DataSource!$A:$AT, 35, FALSE) -> 【锤炼】干员力量能力值提升15。 | AI7: =VLOOKUP($A7&"_"&$C7, DataSource!$A:$AT, 36, FALSE) -> 【锤炼】干员力量能力值提升20。 | AJ7: 1 | AK7: =VLOOKUP($A7&"_"&$C7, DataSource!$A:$AT, 39 + AJ7 - 1, FALSE) -> 【灼热獠牙 Lv.1】每次施加燃烧后，获得灼热獠牙状态，持续10秒，该状态无法叠加。状态持续期间，自身造成的灼热伤害+20%。 | AL7: 1 | AM7: =VLOOKUP($A7&"_"&$C7, DataSource!$A:$AT, 44 + AL7 - 1, FALSE) -> 【节制准则 Lv.1】战技灼热弹痕成功消耗法术异常时，返还5点技力。
A8: chr_0007_ikut | B8: =VLOOKUP("chr_0007_ikut_90", DataSource!$A:$P, 3, FALSE) -> 弧光 | C8: 90 | D8: =VLOOKUP($A8&"_"&$C8, DataSource!$A:$AT, 5, FALSE) -> Arclight | E8: =VLOOKUP($A8&"_"&$C8, DataSource!$A:$AT, 6, FALSE) -> 先锋 | F8: =VLOOKUP($A8&"_"&$C8, DataSource!$A:$AT, 7, FALSE) -> ENDFIELD INDUSTRIES | G8: =VLOOKUP($A8&"_"&$C8, DataSource!$A:$AT, 8, FALSE) -> 技力恢复, 电磁附着 | H8: =VLOOKUP($A8&"_"&$C8, DataSource!$A:$AT, 9, FALSE) -> 5★ | I8: =VLOOKUP($A8&"_"&$C8, DataSource!$A:$AT, 10, FALSE) -> 单手剑 | J8: =VLOOKUP($A8&"_"&$C8, DataSource!$A:$AT, 11, FALSE) -> 电磁 | K8: =VLOOKUP($A8&"_"&$C8, DataSource!$A:$AT, 12, FALSE) -> 敏捷 | L8: =VLOOKUP($A8&"_"&$C8, DataSource!$A:$AT, 13, FALSE) -> 智识 | M8: =VLOOKUP($A8&"_"&$C8, DataSource!$A:$AT, 14, FALSE) -> 5495 | N8: =VLOOKUP($A8&"_"&$C8, DataSource!$A:$AT, 15, FALSE) -> 306 | O8: =VLOOKUP($A8&"_"&$C8, DataSource!$A:$AT, 16, FALSE) -> 0 | P8: =VLOOKUP($A8&"_"&$C8, DataSource!$A:$AT, 17, FALSE) -> 107.45844729644404 | Q8: =VLOOKUP($A8&"_"&$C8, DataSource!$A:$AT, 18, FALSE) -> 145.43814432989691 | R8: =VLOOKUP($A8&"_"&$C8, DataSource!$A:$AT, 19, FALSE) -> 123.49484536082466 | S8: =VLOOKUP($A8&"_"&$C8, DataSource!$A:$AT, 20, FALSE) -> 100.02061855670134 | T8: =VLOOKUP($A8&"_"&$C8, DataSource!$A:$AT, 21, FALSE) -> 5.0% | U8: =VLOOKUP($A8&"_"&$C8, DataSource!$A:$AT, 22, FALSE) -> 50.0% | V8: =VLOOKUP($A8&"_"&$C8, DataSource!$A:$AT, 23, FALSE) -> 5 | W8: =VLOOKUP($A8&"_"&$C8, DataSource!$A:$AT, 24, FALSE) -> 0.14875 | X8: =VLOOKUP($A8&"_"&$C8, DataSource!$A:$AT, 25, FALSE) -> 1.22704081632653 | Y8: =VLOOKUP($A8&"_"&$C8, DataSource!$A:$AT, 26, FALSE) -> 1.45408163265306 | Z8: =VLOOKUP($A8&"_"&$C8, DataSource!$A:$AT, 27, FALSE) -> 4 | AA8: =VLOOKUP($A8&"_"&$C8, DataSource!$A:$AT, 28, FALSE) -> 【风暴中的孩子】使用战技疾风迅雷成功触发额外效果后，额外恢复10点技力。 | AB8: =VLOOKUP($A8&"_"&$C8, DataSource!$A:$AT, 29, FALSE) -> 【速战速决】敏捷+15，智识+15。 | AC8: =VLOOKUP($A8&"_"&$C8, DataSource!$A:$AT, 30, FALSE) -> 【“歌谣”】天赋荒野游人效果加强：伤害提升效果提升至原本的1.3倍。 | AD8: =VLOOKUP($A8&"_"&$C8, DataSource!$A:$AT, 31, FALSE) -> 【师者教诲】终结技轰雷掣电所需的终结技能量-15%。 | AE8: =VLOOKUP($A8&"_"&$C8, DataSource!$A:$AT, 32, FALSE) -> 【荒野的徒从】天赋荒野游人效果加强：触发所需次数降低至2次。 | AF8: =VLOOKUP($A8&"_"&$C8, DataSource!$A:$AT, 33, FALSE) -> 【游刃】干员敏捷能力值提升15。 | AG8: =VLOOKUP($A8&"_"&$C8, DataSource!$A:$AT, 34, FALSE) -> 【游刃】干员敏捷能力值提升10。 | AH8: =VLOOKUP($A8&"_"&$C8, DataSource!$A:$AT, 35, FALSE) -> 【游刃】干员敏捷能力值提升15。 | AI8: =VLOOKUP($A8&"_"&$C8, DataSource!$A:$AT, 36, FALSE) -> 【游刃】干员敏捷能力值提升20。 | AJ8: 1 | AK8: =VLOOKUP($A8&"_"&$C8, DataSource!$A:$AT, 39 + AJ8 - 1, FALSE) -> 【众生智慧 Lv.1】被施加法术附着时，有30%的概率忽略该效果。 | AL8: 1 | AM8: =VLOOKUP($A8&"_"&$C8, DataSource!$A:$AT, 44 + AL8 - 1, FALSE) -> 【荒野游人 Lv.1】使用战技疾风迅雷成功触发3次额外效果后，根据自身的智识，提升全队造成的电磁伤害，每点智识+0.05%，持续15秒，该效果无法叠加。
A9: chr_0009_azrila | B9: =VLOOKUP("chr_0009_azrila_90", DataSource!$A:$P, 3, FALSE) -> 余烬 | C9: 90 | D9: =VLOOKUP($A9&"_"&$C9, DataSource!$A:$AT, 5, FALSE) -> Ember | E9: =VLOOKUP($A9&"_"&$C9, DataSource!$A:$AT, 6, FALSE) -> 重装 | F9: =VLOOKUP($A9&"_"&$C9, DataSource!$A:$AT, 7, FALSE) -> ENDFIELD INDUSTRIES | G9: =VLOOKUP($A9&"_"&$C9, DataSource!$A:$AT, 8, FALSE) -> 倒地, 治疗, 护盾 | H9: =VLOOKUP($A9&"_"&$C9, DataSource!$A:$AT, 9, FALSE) -> 6★ | I9: =VLOOKUP($A9&"_"&$C9, DataSource!$A:$AT, 10, FALSE) -> 双手剑 | J9: =VLOOKUP($A9&"_"&$C9, DataSource!$A:$AT, 11, FALSE) -> 灼热 | K9: =VLOOKUP($A9&"_"&$C9, DataSource!$A:$AT, 12, FALSE) -> 力量 | L9: =VLOOKUP($A9&"_"&$C9, DataSource!$A:$AT, 13, FALSE) -> 意志 | M9: =VLOOKUP($A9&"_"&$C9, DataSource!$A:$AT, 14, FALSE) -> 5495 | N9: =VLOOKUP($A9&"_"&$C9, DataSource!$A:$AT, 15, FALSE) -> 323 | O9: =VLOOKUP($A9&"_"&$C9, DataSource!$A:$AT, 16, FALSE) -> 0 | P9: =VLOOKUP($A9&"_"&$C9, DataSource!$A:$AT, 17, FALSE) -> 176.41173995371338 | Q9: =VLOOKUP($A9&"_"&$C9, DataSource!$A:$AT, 18, FALSE) -> 96.95876288659824 | R9: =VLOOKUP($A9&"_"&$C9, DataSource!$A:$AT, 19, FALSE) -> 86.75257731958767 | S9: =VLOOKUP($A9&"_"&$C9, DataSource!$A:$AT, 20, FALSE) -> 120.26219229959992 | T9: =VLOOKUP($A9&"_"&$C9, DataSource!$A:$AT, 21, FALSE) -> 5.0% | U9: =VLOOKUP($A9&"_"&$C9, DataSource!$A:$AT, 22, FALSE) -> 50.0% | V9: =VLOOKUP($A9&"_"&$C9, DataSource!$A:$AT, 23, FALSE) -> 3 | W9: =VLOOKUP($A9&"_"&$C9, DataSource!$A:$AT, 24, FALSE) -> 0.0958125 | X9: =VLOOKUP($A9&"_"&$C9, DataSource!$A:$AT, 25, FALSE) -> 1.22704081632653 | Y9: =VLOOKUP($A9&"_"&$C9, DataSource!$A:$AT, 26, FALSE) -> 1.45408163265306 | Z9: =VLOOKUP($A9&"_"&$C9, DataSource!$A:$AT, 27, FALSE) -> 4 | AA9: =VLOOKUP($A9&"_"&$C9, DataSource!$A:$AT, 28, FALSE) -> 【移动要塞】天赋陷阵之志效果加强：庇护效果额外+20%，且在命中敌人后额外持续1.5秒。 | AB9: =VLOOKUP($A9&"_"&$C9, DataSource!$A:$AT, 29, FALSE) -> 【百战成钢】力量+20，意志+20。 | AC9: =VLOOKUP($A9&"_"&$C9, DataSource!$A:$AT, 30, FALSE) -> 【不屈阵线】连携技前线援护会额外治疗小队内另一个生命值百分比最低的干员，效果为基础的50%。 | AD9: =VLOOKUP($A9&"_"&$C9, DataSource!$A:$AT, 31, FALSE) -> 【薪火不息】终结技重燃誓约所需的终结技能量-15%。 | AE9: =VLOOKUP($A9&"_"&$C9, DataSource!$A:$AT, 32, FALSE) -> 【铁誓】终结技重燃誓约提供的护盾效果变为1.2倍，且该护盾存在期间持有者攻击力+10%。 | AF9: =VLOOKUP($A9&"_"&$C9, DataSource!$A:$AT, 33, FALSE) -> 【锤炼】干员力量能力值提升15。 | AG9: =VLOOKUP($A9&"_"&$C9, DataSource!$A:$AT, 34, FALSE) -> 【锤炼】干员力量能力值提升10。 | AH9: =VLOOKUP($A9&"_"&$C9, DataSource!$A:$AT, 35, FALSE) -> 【锤炼】干员力量能力值提升15。 | AI9: =VLOOKUP($A9&"_"&$C9, DataSource!$A:$AT, 36, FALSE) -> 【锤炼】干员力量能力值提升20。 | AJ9: 1 | AK9: =VLOOKUP($A9&"_"&$C9, DataSource!$A:$AT, 39 + AJ9 - 1, FALSE) -> 【陷阵之志 Lv.1】战技进军和连携技前线援护的施放过程中获得30%庇护，且更不容易被打断。 | AL9: 1 | AM9: =VLOOKUP($A9&"_"&$C9, DataSource!$A:$AT, 44 + AL9 - 1, FALSE) -> 【以铁还铁 Lv.1】受到来自敌人的伤害后，攻击力+6%，持续7秒，该效果最多叠加3层。
A10: chr_0011_seraph | B10: =VLOOKUP("chr_0011_seraph_90", DataSource!$A:$P, 3, FALSE) -> 赛希 | C10: 90 | D10: =VLOOKUP($A10&"_"&$C10, DataSource!$A:$AT, 5, FALSE) -> Xaihi | E10: =VLOOKUP($A10&"_"&$C10, DataSource!$A:$AT, 6, FALSE) -> 辅助 | F10: =VLOOKUP($A10&"_"&$C10, DataSource!$A:$AT, 7, FALSE) -> ENDFIELD INDUSTRIES | G10: =VLOOKUP($A10&"_"&$C10, DataSource!$A:$AT, 8, FALSE) -> 治疗, 寒冷附着, 增幅 | H10: =VLOOKUP($A10&"_"&$C10, DataSource!$A:$AT, 9, FALSE) -> 5★ | I10: =VLOOKUP($A10&"_"&$C10, DataSource!$A:$AT, 10, FALSE) -> 施术单元 | J10: =VLOOKUP($A10&"_"&$C10, DataSource!$A:$AT, 11, FALSE) -> 寒冷 | K10: =VLOOKUP($A10&"_"&$C10, DataSource!$A:$AT, 12, FALSE) -> 意志 | L10: =VLOOKUP($A10&"_"&$C10, DataSource!$A:$AT, 13, FALSE) -> 智识 | M10: =VLOOKUP($A10&"_"&$C10, DataSource!$A:$AT, 14, FALSE) -> 5495 | N10: =VLOOKUP($A10&"_"&$C10, DataSource!$A:$AT, 15, FALSE) -> 291 | O10: =VLOOKUP($A10&"_"&$C10, DataSource!$A:$AT, 16, FALSE) -> 0 | P10: =VLOOKUP($A10&"_"&$C10, DataSource!$A:$AT, 17, FALSE) -> 89.83810225120979 | Q10: =VLOOKUP($A10&"_"&$C10, DataSource!$A:$AT, 18, FALSE) -> 91.86513780770011 | R10: =VLOOKUP($A10&"_"&$C10, DataSource!$A:$AT, 19, FALSE) -> 127.14407742478453 | S10: =VLOOKUP($A10&"_"&$C10, DataSource!$A:$AT, 20, FALSE) -> 150.03092783505198 | T10: =VLOOKUP($A10&"_"&$C10, DataSource!$A:$AT, 21, FALSE) -> 5.0% | U10: =VLOOKUP($A10&"_"&$C10, DataSource!$A:$AT, 22, FALSE) -> 50.0% | V10: =VLOOKUP($A10&"_"&$C10, DataSource!$A:$AT, 23, FALSE) -> 10 | W10: =VLOOKUP($A10&"_"&$C10, DataSource!$A:$AT, 24, FALSE) -> 0.13 | X10: =VLOOKUP($A10&"_"&$C10, DataSource!$A:$AT, 25, FALSE) -> 1.22704081632653 | Y10: =VLOOKUP($A10&"_"&$C10, DataSource!$A:$AT, 26, FALSE) -> 1.45408163265306 | Z10: =VLOOKUP($A10&"_"&$C10, DataSource!$A:$AT, 27, FALSE) -> 4 | AA10: =VLOOKUP($A10&"_"&$C10, DataSource!$A:$AT, 28, FALSE) -> 【敏捷实践】支援晶体提供的法术增幅额外提高5%。 | AB10: =VLOOKUP($A10&"_"&$C10, DataSource!$A:$AT, 29, FALSE) -> 【链路聚合】终结技栈溢出所需的终结技能量-10%。 | AC10: =VLOOKUP($A10&"_"&$C10, DataSource!$A:$AT, 30, FALSE) -> 【映射节点】连携技压力测试命中目标时，对周围1个其他目标弹射1次。 | AD10: =VLOOKUP($A10&"_"&$C10, DataSource!$A:$AT, 31, FALSE) -> 【灰度发布】智识+15，治疗效率+10%。 | AE10: =VLOOKUP($A10&"_"&$C10, DataSource!$A:$AT, 32, FALSE) -> 【可控递归】终结技栈溢出提供的增幅效果提高至原本的1.1倍。 | AF10: =VLOOKUP($A10&"_"&$C10, DataSource!$A:$AT, 33, FALSE) -> 【守誓】干员意志能力值提升15。 | AG10: =VLOOKUP($A10&"_"&$C10, DataSource!$A:$AT, 34, FALSE) -> 【守誓】干员意志能力值提升10。 | AH10: =VLOOKUP($A10&"_"&$C10, DataSource!$A:$AT, 35, FALSE) -> 【守誓】干员意志能力值提升15。 | AI10: =VLOOKUP($A10&"_"&$C10, DataSource!$A:$AT, 36, FALSE) -> 【守誓】干员意志能力值提升20。 | AJ10: 1 | AK10: =VLOOKUP($A10&"_"&$C10, DataSource!$A:$AT, 39 + AJ10 - 1, FALSE) -> 【启动进程 Lv.1】连携技压力测试命中敌人时，如果目标已经处于寒冷附着或冻结状态，还会使目标受到的寒冷伤害+7%，持续5秒，该效果无法叠加。 | AL10: 1 | AM10: =VLOOKUP($A10&"_"&$C10, DataSource!$A:$AT, 44 + AL10 - 1, FALSE) -> 【协议冻结 Lv.1】终结技栈溢出会额外净化全队的寒冷附着和冻结状态。
A11: chr_0012_avywen | B11: =VLOOKUP("chr_0012_avywen_90", DataSource!$A:$P, 3, FALSE) -> 艾维文娜 | C11: 90 | D11: =VLOOKUP($A11&"_"&$C11, DataSource!$A:$AT, 5, FALSE) -> Avywenna | E11: =VLOOKUP($A11&"_"&$C11, DataSource!$A:$AT, 6, FALSE) -> 突击 | F11: =VLOOKUP($A11&"_"&$C11, DataSource!$A:$AT, 7, FALSE) -> ENDFIELD INDUSTRIES | G11: =VLOOKUP($A11&"_"&$C11, DataSource!$A:$AT, 8, FALSE) -> 大量伤害, 法术脆弱 | H11: =VLOOKUP($A11&"_"&$C11, DataSource!$A:$AT, 9, FALSE) -> 5★ | I11: =VLOOKUP($A11&"_"&$C11, DataSource!$A:$AT, 10, FALSE) -> 长柄武器 | J11: =VLOOKUP($A11&"_"&$C11, DataSource!$A:$AT, 11, FALSE) -> 电磁 | K11: =VLOOKUP($A11&"_"&$C11, DataSource!$A:$AT, 12, FALSE) -> 意志 | L11: =VLOOKUP($A11&"_"&$C11, DataSource!$A:$AT, 13, FALSE) -> 敏捷 | M11: =VLOOKUP($A11&"_"&$C11, DataSource!$A:$AT, 14, FALSE) -> 5495 | N11: =VLOOKUP($A11&"_"&$C11, DataSource!$A:$AT, 15, FALSE) -> 312 | O11: =VLOOKUP($A11&"_"&$C11, DataSource!$A:$AT, 16, FALSE) -> 0 | P11: =VLOOKUP($A11&"_"&$C11, DataSource!$A:$AT, 17, FALSE) -> 107.35430254576025 | Q11: =VLOOKUP($A11&"_"&$C11, DataSource!$A:$AT, 18, FALSE) -> 106.65463917525815 | R11: =VLOOKUP($A11&"_"&$C11, DataSource!$A:$AT, 19, FALSE) -> 110.50136755733189 | S11: =VLOOKUP($A11&"_"&$C11, DataSource!$A:$AT, 20, FALSE) -> 148.5 | T11: =VLOOKUP($A11&"_"&$C11, DataSource!$A:$AT, 21, FALSE) -> 5.0% | U11: =VLOOKUP($A11&"_"&$C11, DataSource!$A:$AT, 22, FALSE) -> 50.0% | V11: =VLOOKUP($A11&"_"&$C11, DataSource!$A:$AT, 23, FALSE) -> 3 | W11: =VLOOKUP($A11&"_"&$C11, DataSource!$A:$AT, 24, FALSE) -> 0.133875 | X11: =VLOOKUP($A11&"_"&$C11, DataSource!$A:$AT, 25, FALSE) -> 1.22704081632653 | Y11: =VLOOKUP($A11&"_"&$C11, DataSource!$A:$AT, 26, FALSE) -> 1.45408163265306 | Z11: =VLOOKUP($A11&"_"&$C11, DataSource!$A:$AT, 27, FALSE) -> 4 | AA11: =VLOOKUP($A11&"_"&$C11, DataSource!$A:$AT, 28, FALSE) -> 【筹码加倍】天赋高效派送效果加强：获得的终结技能量+2点。 | AB11: =VLOOKUP($A11&"_"&$C11, DataSource!$A:$AT, 29, FALSE) -> 【大棒悬头】雷枪、强雷枪的存在时间+20秒。 | AC11: =VLOOKUP($A11&"_"&$C11, DataSource!$A:$AT, 30, FALSE) -> 【绝不让步】意志+15，造成的电磁伤害+8%。 | AD11: =VLOOKUP($A11&"_"&$C11, DataSource!$A:$AT, 31, FALSE) -> 【经验老到】终结技雷枪·决颤所需的终结技能量-15%。 | AE11: =VLOOKUP($A11&"_"&$C11, DataSource!$A:$AT, 32, FALSE) -> 【恩威并施】召回的雷枪、强雷枪命中处于电磁脆弱状态的敌人时，伤害倍率提升至原本的1.15倍。 | AF11: =VLOOKUP($A11&"_"&$C11, DataSource!$A:$AT, 33, FALSE) -> 【守誓】干员意志能力值提升15。 | AG11: =VLOOKUP($A11&"_"&$C11, DataSource!$A:$AT, 34, FALSE) -> 【守誓】干员意志能力值提升10。 | AH11: =VLOOKUP($A11&"_"&$C11, DataSource!$A:$AT, 35, FALSE) -> 【守誓】干员意志能力值提升15。 | AI11: =VLOOKUP($A11&"_"&$C11, DataSource!$A:$AT, 36, FALSE) -> 【守誓】干员意志能力值提升20。 | AJ11: 1 | AK11: =VLOOKUP($A11&"_"&$C11, DataSource!$A:$AT, 39 + AJ11 - 1, FALSE) -> 【高效派送 Lv.1】掷出、召回雷枪、强雷枪命中敌人后，获得3点终结技能量。 | AL11: 1 | AM11: =VLOOKUP($A11&"_"&$C11, DataSource!$A:$AT, 44 + AL11 - 1, FALSE) -> 【委婉手段 Lv.1】终结技雷枪·决颤命中敌人时对其施加6%电磁脆弱，持续10秒。
A12: chr_0013_aglina | B12: =VLOOKUP("chr_0013_aglina_90", DataSource!$A:$P, 3, FALSE) -> 洁尔佩塔 | C12: 90 | D12: =VLOOKUP($A12&"_"&$C12, DataSource!$A:$AT, 5, FALSE) -> Gilberta | E12: =VLOOKUP($A12&"_"&$C12, DataSource!$A:$AT, 6, FALSE) -> 辅助 | F12: =VLOOKUP($A12&"_"&$C12, DataSource!$A:$AT, 7, FALSE) -> ENDFIELD INDUSTRIES | G12: =VLOOKUP($A12&"_"&$C12, DataSource!$A:$AT, 8, FALSE) -> 法术脆弱, 自然附着, 击飞 | H12: =VLOOKUP($A12&"_"&$C12, DataSource!$A:$AT, 9, FALSE) -> 6★ | I12: =VLOOKUP($A12&"_"&$C12, DataSource!$A:$AT, 10, FALSE) -> 施术单元 | J12: =VLOOKUP($A12&"_"&$C12, DataSource!$A:$AT, 11, FALSE) -> 自然 | K12: =VLOOKUP($A12&"_"&$C12, DataSource!$A:$AT, 12, FALSE) -> 意志 | L12: =VLOOKUP($A12&"_"&$C12, DataSource!$A:$AT, 13, FALSE) -> 智识 | M12: =VLOOKUP($A12&"_"&$C12, DataSource!$A:$AT, 14, FALSE) -> 5495 | N12: =VLOOKUP($A12&"_"&$C12, DataSource!$A:$AT, 15, FALSE) -> 329 | O12: =VLOOKUP($A12&"_"&$C12, DataSource!$A:$AT, 16, FALSE) -> 0 | P12: =VLOOKUP($A12&"_"&$C12, DataSource!$A:$AT, 17, FALSE) -> 89.81443298969076 | Q12: =VLOOKUP($A12&"_"&$C12, DataSource!$A:$AT, 18, FALSE) -> 92.87628865979384 | R12: =VLOOKUP($A12&"_"&$C12, DataSource!$A:$AT, 19, FALSE) -> 127.16490637492129 | S12: =VLOOKUP($A12&"_"&$C12, DataSource!$A:$AT, 20, FALSE) -> 171.74794866400205 | T12: =VLOOKUP($A12&"_"&$C12, DataSource!$A:$AT, 21, FALSE) -> 5.0% | U12: =VLOOKUP($A12&"_"&$C12, DataSource!$A:$AT, 22, FALSE) -> 50.0% | V12: =VLOOKUP($A12&"_"&$C12, DataSource!$A:$AT, 23, FALSE) -> 10 | W12: =VLOOKUP($A12&"_"&$C12, DataSource!$A:$AT, 24, FALSE) -> 0.1238125 | X12: =VLOOKUP($A12&"_"&$C12, DataSource!$A:$AT, 25, FALSE) -> 1.22704081632653 | Y12: =VLOOKUP($A12&"_"&$C12, DataSource!$A:$AT, 26, FALSE) -> 1.45408163265306 | Z12: =VLOOKUP($A12&"_"&$C12, DataSource!$A:$AT, 27, FALSE) -> 4 | AA12: =VLOOKUP($A12&"_"&$C12, DataSource!$A:$AT, 28, FALSE) -> 【云层之上】战技秘杖·引力模式的作用范围+20%。 | AB12: =VLOOKUP($A12&"_"&$C12, DataSource!$A:$AT, 29, FALSE) -> 【乘风而行】敌人受到终结技秘杖·重力场的重力紊乱区域影响时，每层破防状态对法术脆弱的提升效果加倍，且结算时视为目标额外拥有1层破防（不超过4层）。 | AC12: =VLOOKUP($A12&"_"&$C12, DataSource!$A:$AT, 30, FALSE) -> 【轻盈脚步】天赋信使的歌声效果加强：终结技充能效率额外+5%。 | AD12: =VLOOKUP($A12&"_"&$C12, DataSource!$A:$AT, 31, FALSE) -> 【云间舞踏】终结技秘杖·重力场所需的终结技能量-15%。 | AE12: =VLOOKUP($A12&"_"&$C12, DataSource!$A:$AT, 32, FALSE) -> 【特别信件】连携技秘杖·矩阵位移冷却时间-2秒，伤害倍率提升至原本的1.3倍。 | AF12: =VLOOKUP($A12&"_"&$C12, DataSource!$A:$AT, 33, FALSE) -> 【守誓】干员意志能力值提升20。 | AG12: =VLOOKUP($A12&"_"&$C12, DataSource!$A:$AT, 34, FALSE) -> 【守誓】干员意志能力值提升10。 | AH12: =VLOOKUP($A12&"_"&$C12, DataSource!$A:$AT, 35, FALSE) -> 【守誓】干员意志能力值提升15。 | AI12: =VLOOKUP($A12&"_"&$C12, DataSource!$A:$AT, 36, FALSE) -> 【守誓】干员意志能力值提升15。 | AJ12: 1 | AK12: =VLOOKUP($A12&"_"&$C12, DataSource!$A:$AT, 39 + AJ12 - 1, FALSE) -> 【信使的歌声 Lv.1】在场时，使小队内所有友方近卫、术师和辅助干员终结技充能效率+4%。 | AL12: 1 | AM12: =VLOOKUP($A12&"_"&$C12, DataSource!$A:$AT, 44 + AL12 - 1, FALSE) -> 【迟来的回信 Lv.1】战技秘杖·引力模式、连携技秘杖·矩阵位移效果加强：战技秘杖·引力模式最后一击或连携技秘杖·矩阵位移命中至少两个敌人后，回复主控干员[72+智识×0.6]生命值。主控干员生命值已满时，将转而治疗小队中生命值百分比最低的干员。
A13: chr_0014_aurora | B13: =VLOOKUP("chr_0014_aurora_90", DataSource!$A:$P, 3, FALSE) -> 昼雪 | C13: 90 | D13: =VLOOKUP($A13&"_"&$C13, DataSource!$A:$AT, 5, FALSE) -> Snowshine | E13: =VLOOKUP($A13&"_"&$C13, DataSource!$A:$AT, 6, FALSE) -> 重装 | F13: =VLOOKUP($A13&"_"&$C13, DataSource!$A:$AT, 7, FALSE) -> ENDFIELD INDUSTRIES | G13: =VLOOKUP($A13&"_"&$C13, DataSource!$A:$AT, 8, FALSE) -> 庇护, 治疗, 寒冷附着 | H13: =VLOOKUP($A13&"_"&$C13, DataSource!$A:$AT, 9, FALSE) -> 5★ | I13: =VLOOKUP($A13&"_"&$C13, DataSource!$A:$AT, 10, FALSE) -> 双手剑 | J13: =VLOOKUP($A13&"_"&$C13, DataSource!$A:$AT, 11, FALSE) -> 寒冷 | K13: =VLOOKUP($A13&"_"&$C13, DataSource!$A:$AT, 12, FALSE) -> 力量 | L13: =VLOOKUP($A13&"_"&$C13, DataSource!$A:$AT, 13, FALSE) -> 意志 | M13: =VLOOKUP($A13&"_"&$C13, DataSource!$A:$AT, 14, FALSE) -> 5495 | N13: =VLOOKUP($A13&"_"&$C13, DataSource!$A:$AT, 15, FALSE) -> 297 | O13: =VLOOKUP($A13&"_"&$C13, DataSource!$A:$AT, 16, FALSE) -> 0 | P13: =VLOOKUP($A13&"_"&$C13, DataSource!$A:$AT, 17, FALSE) -> 154.89354092152323 | Q13: =VLOOKUP($A13&"_"&$C13, DataSource!$A:$AT, 18, FALSE) -> 104.57685672207023 | R13: =VLOOKUP($A13&"_"&$C13, DataSource!$A:$AT, 19, FALSE) -> 93.89690721649515 | S13: =VLOOKUP($A13&"_"&$C13, DataSource!$A:$AT, 20, FALSE) -> 108.89999999999999 | T13: =VLOOKUP($A13&"_"&$C13, DataSource!$A:$AT, 21, FALSE) -> 5.0% | U13: =VLOOKUP($A13&"_"&$C13, DataSource!$A:$AT, 22, FALSE) -> 50.0% | V13: =VLOOKUP($A13&"_"&$C13, DataSource!$A:$AT, 23, FALSE) -> 3 | W13: =VLOOKUP($A13&"_"&$C13, DataSource!$A:$AT, 24, FALSE) -> 0.083125 | X13: =VLOOKUP($A13&"_"&$C13, DataSource!$A:$AT, 25, FALSE) -> 1.22704081632653 | Y13: =VLOOKUP($A13&"_"&$C13, DataSource!$A:$AT, 26, FALSE) -> 1.45408163265306 | Z13: =VLOOKUP($A13&"_"&$C13, DataSource!$A:$AT, 27, FALSE) -> 4 | AA13: =VLOOKUP($A13&"_"&$C13, DataSource!$A:$AT, 28, FALSE) -> 【失温庇护所】战技饱和性防御的格挡效果持续期间，处于庇护状态的友方干员无法被施加法术附着效果。 | AB13: =VLOOKUP($A13&"_"&$C13, DataSource!$A:$AT, 29, FALSE) -> 【暴风雪地带】终结技凛冽寒霜的影响范围+20%。 | AC13: =VLOOKUP($A13&"_"&$C13, DataSource!$A:$AT, 30, FALSE) -> 【极地生存指南】终结技凛冽寒霜施加的冻结的持续时间+2秒。 | AD13: =VLOOKUP($A13&"_"&$C13, DataSource!$A:$AT, 31, FALSE) -> 【冻土坚盾】防御力+20，意志+20。 | AE13: =VLOOKUP($A13&"_"&$C13, DataSource!$A:$AT, 32, FALSE) -> 【冰灾应对专家】战技饱和性防御成功反击敌人时，返还10点技力。 | AF13: =VLOOKUP($A13&"_"&$C13, DataSource!$A:$AT, 33, FALSE) -> 【锤炼】干员力量能力值提升10。 | AG13: =VLOOKUP($A13&"_"&$C13, DataSource!$A:$AT, 34, FALSE) -> 【锤炼】干员力量能力值提升15。 | AH13: =VLOOKUP($A13&"_"&$C13, DataSource!$A:$AT, 35, FALSE) -> 【锤炼】干员力量能力值提升15。 | AI13: =VLOOKUP($A13&"_"&$C13, DataSource!$A:$AT, 36, FALSE) -> 【锤炼】干员力量能力值提升20。 | AJ13: 1 | AK13: =VLOOKUP($A13&"_"&$C13, DataSource!$A:$AT, 39 + AJ13 - 1, FALSE) -> 【极地生存 Lv.1】对生命值不高于45%的目标，治疗效果+15%。 | AL13: 1 | AM13: =VLOOKUP($A13&"_"&$C13, DataSource!$A:$AT, 44 + AL13 - 1, FALSE) -> 【救援专家 Lv.1】战技饱和性防御成功格挡攻击后，额外获得6终结技能量。
A14: chr_0015_lifeng | B14: =VLOOKUP("chr_0015_lifeng_90", DataSource!$A:$P, 3, FALSE) -> 黎风 | C14: 90 | D14: =VLOOKUP($A14&"_"&$C14, DataSource!$A:$AT, 5, FALSE) -> Lifeng | E14: =VLOOKUP($A14&"_"&$C14, DataSource!$A:$AT, 6, FALSE) -> 近卫 | F14: =VLOOKUP($A14&"_"&$C14, DataSource!$A:$AT, 7, FALSE) -> ENDFIELD INDUSTRIES | G14: =VLOOKUP($A14&"_"&$C14, DataSource!$A:$AT, 8, FALSE) -> 倒地, 物理脆弱, 连击 | H14: =VLOOKUP($A14&"_"&$C14, DataSource!$A:$AT, 9, FALSE) -> 6★ | I14: =VLOOKUP($A14&"_"&$C14, DataSource!$A:$AT, 10, FALSE) -> 长柄武器 | J14: =VLOOKUP($A14&"_"&$C14, DataSource!$A:$AT, 11, FALSE) -> 物理 | K14: =VLOOKUP($A14&"_"&$C14, DataSource!$A:$AT, 12, FALSE) -> 敏捷 | L14: =VLOOKUP($A14&"_"&$C14, DataSource!$A:$AT, 13, FALSE) -> 力量 | M14: =VLOOKUP($A14&"_"&$C14, DataSource!$A:$AT, 14, FALSE) -> 5495 | N14: =VLOOKUP($A14&"_"&$C14, DataSource!$A:$AT, 15, FALSE) -> 312 | O14: =VLOOKUP($A14&"_"&$C14, DataSource!$A:$AT, 16, FALSE) -> 0 | P14: =VLOOKUP($A14&"_"&$C14, DataSource!$A:$AT, 17, FALSE) -> 123.70313486219221 | Q14: =VLOOKUP($A14&"_"&$C14, DataSource!$A:$AT, 18, FALSE) -> 132.28466231853525 | R14: =VLOOKUP($A14&"_"&$C14, DataSource!$A:$AT, 19, FALSE) -> 115.49084788554623 | S14: =VLOOKUP($A14&"_"&$C14, DataSource!$A:$AT, 20, FALSE) -> 117.46581106669464 | T14: =VLOOKUP($A14&"_"&$C14, DataSource!$A:$AT, 21, FALSE) -> 5.0% | U14: =VLOOKUP($A14&"_"&$C14, DataSource!$A:$AT, 22, FALSE) -> 50.0% | V14: =VLOOKUP($A14&"_"&$C14, DataSource!$A:$AT, 23, FALSE) -> 3 | W14: =VLOOKUP($A14&"_"&$C14, DataSource!$A:$AT, 24, FALSE) -> 0.118125 | X14: =VLOOKUP($A14&"_"&$C14, DataSource!$A:$AT, 25, FALSE) -> 1.22704081632653 | Y14: =VLOOKUP($A14&"_"&$C14, DataSource!$A:$AT, 26, FALSE) -> 1.45408163265306 | Z14: =VLOOKUP($A14&"_"&$C14, DataSource!$A:$AT, 27, FALSE) -> 4 | AA14: =VLOOKUP($A14&"_"&$C14, DataSource!$A:$AT, 28, FALSE) -> 【破执】战技荡浊身施加的物理脆弱效果+5%，且对破防层数不超过2层的敌人仍然能触发此额外效果。 | AB14: =VLOOKUP($A14&"_"&$C14, DataSource!$A:$AT, 29, FALSE) -> 【修身】全能力+15。 | AC14: =VLOOKUP($A14&"_"&$C14, DataSource!$A:$AT, 30, FALSE) -> 【养性】天赋顿悟效果加强：每点智识和意志使攻击力额外+0.05%。 | AD14: =VLOOKUP($A14&"_"&$C14, DataSource!$A:$AT, 31, FALSE) -> 【刹那】终结技不动心所需的终结技能量-15%。 | AE14: =VLOOKUP($A14&"_"&$C14, DataSource!$A:$AT, 32, FALSE) -> 【不懈】天赋伏魔效果加强：每隔15秒，下一次触发时额外造成攻击力250%的物理伤害和5点失衡。 | AF14: =VLOOKUP($A14&"_"&$C14, DataSource!$A:$AT, 33, FALSE) -> 【游刃】干员敏捷能力值提升15。 | AG14: =VLOOKUP($A14&"_"&$C14, DataSource!$A:$AT, 34, FALSE) -> 【游刃】干员敏捷能力值提升10。 | AH14: =VLOOKUP($A14&"_"&$C14, DataSource!$A:$AT, 35, FALSE) -> 【游刃】干员敏捷能力值提升15。 | AI14: =VLOOKUP($A14&"_"&$C14, DataSource!$A:$AT, 36, FALSE) -> 【游刃】干员敏捷能力值提升20。 | AJ14: 1 | AK14: =VLOOKUP($A14&"_"&$C14, DataSource!$A:$AT, 39 + AJ14 - 1, FALSE) -> 【顿悟 Lv.1】每点智识和意志都会使攻击力额外+0.10%。 | AL14: 1 | AM14: =VLOOKUP($A14&"_"&$C14, DataSource!$A:$AT, 44 + AL14 - 1, FALSE) -> 【伏魔 Lv.1】每当自身造成倒地时，额外造成攻击力50%的物理伤害。
A15: chr_0016_laevat | B15: =VLOOKUP("chr_0016_laevat_90", DataSource!$A:$P, 3, FALSE) -> 莱万汀 | C15: 90 | D15: =VLOOKUP($A15&"_"&$C15, DataSource!$A:$AT, 5, FALSE) -> Laevatain | E15: =VLOOKUP($A15&"_"&$C15, DataSource!$A:$AT, 6, FALSE) -> 突击 | F15: =VLOOKUP($A15&"_"&$C15, DataSource!$A:$AT, 7, FALSE) -> ENDFIELD INDUSTRIES | G15: =VLOOKUP($A15&"_"&$C15, DataSource!$A:$AT, 8, FALSE) -> 大量伤害, 燃烧 | H15: =VLOOKUP($A15&"_"&$C15, DataSource!$A:$AT, 9, FALSE) -> 6★ | I15: =VLOOKUP($A15&"_"&$C15, DataSource!$A:$AT, 10, FALSE) -> 单手剑 | J15: =VLOOKUP($A15&"_"&$C15, DataSource!$A:$AT, 11, FALSE) -> 灼热 | K15: =VLOOKUP($A15&"_"&$C15, DataSource!$A:$AT, 12, FALSE) -> 智识 | L15: =VLOOKUP($A15&"_"&$C15, DataSource!$A:$AT, 13, FALSE) -> 力量 | M15: =VLOOKUP($A15&"_"&$C15, DataSource!$A:$AT, 14, FALSE) -> 5495 | N15: =VLOOKUP($A15&"_"&$C15, DataSource!$A:$AT, 15, FALSE) -> 318 | O15: =VLOOKUP($A15&"_"&$C15, DataSource!$A:$AT, 16, FALSE) -> 0 | P15: =VLOOKUP($A15&"_"&$C15, DataSource!$A:$AT, 17, FALSE) -> 121.37445823690337 | Q15: =VLOOKUP($A15&"_"&$C15, DataSource!$A:$AT, 18, FALSE) -> 99.97328003366324 | R15: =VLOOKUP($A15&"_"&$C15, DataSource!$A:$AT, 19, FALSE) -> 177.9852724594996 | S15: =VLOOKUP($A15&"_"&$C15, DataSource!$A:$AT, 20, FALSE) -> 89.81443298969076 | T15: =VLOOKUP($A15&"_"&$C15, DataSource!$A:$AT, 21, FALSE) -> 5.0% | U15: =VLOOKUP($A15&"_"&$C15, DataSource!$A:$AT, 22, FALSE) -> 50.0% | V15: =VLOOKUP($A15&"_"&$C15, DataSource!$A:$AT, 23, FALSE) -> 5 | W15: =VLOOKUP($A15&"_"&$C15, DataSource!$A:$AT, 24, FALSE) -> 0.091875 | X15: =VLOOKUP($A15&"_"&$C15, DataSource!$A:$AT, 25, FALSE) -> 1.22704081632653 | Y15: =VLOOKUP($A15&"_"&$C15, DataSource!$A:$AT, 26, FALSE) -> 1.45408163265306 | Z15: =VLOOKUP($A15&"_"&$C15, DataSource!$A:$AT, 27, FALSE) -> 4 | AA15: =VLOOKUP($A15&"_"&$C15, DataSource!$A:$AT, 28, FALSE) -> 【熔火之心】战技焚灭的追加攻击的伤害倍率提升至原本的1.2倍，且命中后返还20点技力。 | AB15: =VLOOKUP($A15&"_"&$C15, DataSource!$A:$AT, 29, FALSE) -> 【追忆之旅】智识+20，普通攻击伤害+15%。 | AC15: =VLOOKUP($A15&"_"&$C15, DataSource!$A:$AT, 30, FALSE) -> 【往事碎片】战技焚灭造成的燃烧持续时间+50%，且燃烧的伤害提升至原本的1.5倍。 | AD15: =VLOOKUP($A15&"_"&$C15, DataSource!$A:$AT, 31, FALSE) -> 【冰淇淋熔炉】终结技黄昏所需的终结技能量-15%。 | AE15: =VLOOKUP($A15&"_"&$C15, DataSource!$A:$AT, 32, FALSE) -> 【存在的证明】终结技黄昏的强化普通攻击的伤害倍率提升至原本的1.2倍，且终结技期间，莱万汀每击败一个敌人，终结技的持续时间+1秒。（最多+7秒） | AF15: =VLOOKUP($A15&"_"&$C15, DataSource!$A:$AT, 33, FALSE) -> 【明晰】干员智识能力值提升20。 | AG15: =VLOOKUP($A15&"_"&$C15, DataSource!$A:$AT, 34, FALSE) -> 【明晰】干员智识能力值提升10。 | AH15: =VLOOKUP($A15&"_"&$C15, DataSource!$A:$AT, 35, FALSE) -> 【明晰】干员智识能力值提升15。 | AI15: =VLOOKUP($A15&"_"&$C15, DataSource!$A:$AT, 36, FALSE) -> 【明晰】干员智识能力值提升15。 | AJ15: 1 | AK15: =VLOOKUP($A15&"_"&$C15, DataSource!$A:$AT, 39 + AJ15 - 1, FALSE) -> 【灼心 Lv.1】主控干员重击或处决命中后，莱万汀会吸收周围敌人的灼热附着。每吸收一层灼热附着，自身获得一层熔火，最多叠加4层。达到4层后，莱万汀造成的伤害无视敌人10点灼热抗性，持续20秒。附近敌人被击败时，身上的灼热附着也会被吸收。 | AL15: 1 | AM15: =VLOOKUP($A15&"_"&$C15, DataSource!$A:$AT, 44 + AL15 - 1, FALSE) -> 【复燃 Lv.1】当生命值低于40%时，获得90%庇护，并每秒回复5%最大生命值，持续4秒。该效果每120秒最多触发一次。
A16: chr_0017_yvonne | B16: =VLOOKUP("chr_0017_yvonne_90", DataSource!$A:$P, 3, FALSE) -> 伊冯 | C16: 90 | D16: =VLOOKUP($A16&"_"&$C16, DataSource!$A:$AT, 5, FALSE) -> Yvonne | E16: =VLOOKUP($A16&"_"&$C16, DataSource!$A:$AT, 6, FALSE) -> 突击 | F16: =VLOOKUP($A16&"_"&$C16, DataSource!$A:$AT, 7, FALSE) -> ENDFIELD INDUSTRIES | G16: =VLOOKUP($A16&"_"&$C16, DataSource!$A:$AT, 8, FALSE) -> 大量伤害, 冻结, 暴击 | H16: =VLOOKUP($A16&"_"&$C16, DataSource!$A:$AT, 9, FALSE) -> 6★ | I16: =VLOOKUP($A16&"_"&$C16, DataSource!$A:$AT, 10, FALSE) -> 手铳 | J16: =VLOOKUP($A16&"_"&$C16, DataSource!$A:$AT, 11, FALSE) -> 寒冷 | K16: =VLOOKUP($A16&"_"&$C16, DataSource!$A:$AT, 12, FALSE) -> 智识 | L16: =VLOOKUP($A16&"_"&$C16, DataSource!$A:$AT, 13, FALSE) -> 敏捷 | M16: =VLOOKUP($A16&"_"&$C16, DataSource!$A:$AT, 14, FALSE) -> 5495 | N16: =VLOOKUP($A16&"_"&$C16, DataSource!$A:$AT, 15, FALSE) -> 321 | O16: =VLOOKUP($A16&"_"&$C16, DataSource!$A:$AT, 16, FALSE) -> 0 | P16: =VLOOKUP($A16&"_"&$C16, DataSource!$A:$AT, 17, FALSE) -> 82.67010309278352 | Q16: =VLOOKUP($A16&"_"&$C16, DataSource!$A:$AT, 18, FALSE) -> 128.1521986114033 | R16: =VLOOKUP($A16&"_"&$C16, DataSource!$A:$AT, 19, FALSE) -> 176.68156953503043 | S16: =VLOOKUP($A16&"_"&$C16, DataSource!$A:$AT, 20, FALSE) -> 105.12371134020616 | T16: =VLOOKUP($A16&"_"&$C16, DataSource!$A:$AT, 21, FALSE) -> 5.0% | U16: =VLOOKUP($A16&"_"&$C16, DataSource!$A:$AT, 22, FALSE) -> 50.0% | V16: =VLOOKUP($A16&"_"&$C16, DataSource!$A:$AT, 23, FALSE) -> 10 | W16: =VLOOKUP($A16&"_"&$C16, DataSource!$A:$AT, 24, FALSE) -> 0.1150625 | X16: =VLOOKUP($A16&"_"&$C16, DataSource!$A:$AT, 25, FALSE) -> 1.22704081632653 | Y16: =VLOOKUP($A16&"_"&$C16, DataSource!$A:$AT, 26, FALSE) -> 1.45408163265306 | Z16: =VLOOKUP($A16&"_"&$C16, DataSource!$A:$AT, 27, FALSE) -> 4 | AA16: =VLOOKUP($A16&"_"&$C16, DataSource!$A:$AT, 28, FALSE) -> 【速冻帮手】连携技速冻仔·υ37的作用范围+20%，额外施放2次能量，且造成伤害后，额外获得15点终结技能量。 | AB16: =VLOOKUP($A16&"_"&$C16, DataSource!$A:$AT, 29, FALSE) -> 【完美造物】智识+20，暴击率+7%。 | AC16: =VLOOKUP($A16&"_"&$C16, DataSource!$A:$AT, 30, FALSE) -> 【嘀嗒充能】天赋冰点效果加强：对处于寒冷附着状态的敌人造成的暴击伤害额外+10%；对处于冻结状态的敌人效果同样加倍。 | AD16: =VLOOKUP($A16&"_"&$C16, DataSource!$A:$AT, 31, FALSE) -> 【叛逆心情】战技冰冰弹·β型的爆炸仅命中单个敌人时，返还10点技力。 | AE16: =VLOOKUP($A16&"_"&$C16, DataSource!$A:$AT, 32, FALSE) -> 【机巧专家】终结技冷冻射手持续期间，攻击力+10%，暴击伤害+30%。 | AF16: =VLOOKUP($A16&"_"&$C16, DataSource!$A:$AT, 33, FALSE) -> 【明晰】干员智识能力值提升10。 | AG16: =VLOOKUP($A16&"_"&$C16, DataSource!$A:$AT, 34, FALSE) -> 【明晰】干员智识能力值提升15。 | AH16: =VLOOKUP($A16&"_"&$C16, DataSource!$A:$AT, 35, FALSE) -> 【明晰】干员智识能力值提升15。 | AI16: =VLOOKUP($A16&"_"&$C16, DataSource!$A:$AT, 36, FALSE) -> 【明晰】干员智识能力值提升20。 | AJ16: 1 | AK16: =VLOOKUP($A16&"_"&$C16, DataSource!$A:$AT, 39 + AJ16 - 1, FALSE) -> 【科技连击 Lv.1】战技冰冰弹·β型成功施加冻结后，下一次普通攻击直接施放重击。 | AL16: 1 | AM16: =VLOOKUP($A16&"_"&$C16, DataSource!$A:$AT, 44 + AL16 - 1, FALSE) -> 【冰点 Lv.1】对处于寒冷附着状态的敌人造成的暴击伤害+10%；对处于冻结状态的敌人效果加倍。
A17: chr_0018_dapan | B17: =VLOOKUP("chr_0018_dapan_90", DataSource!$A:$P, 3, FALSE) -> 大潘 | C17: 90 | D17: =VLOOKUP($A17&"_"&$C17, DataSource!$A:$AT, 5, FALSE) -> Da Pan | E17: =VLOOKUP($A17&"_"&$C17, DataSource!$A:$AT, 6, FALSE) -> 突击 | F17: =VLOOKUP($A17&"_"&$C17, DataSource!$A:$AT, 7, FALSE) -> ENDFIELD INDUSTRIES | G17: =VLOOKUP($A17&"_"&$C17, DataSource!$A:$AT, 8, FALSE) -> 大量伤害, 击飞, 猛击 | H17: =VLOOKUP($A17&"_"&$C17, DataSource!$A:$AT, 9, FALSE) -> 5★ | I17: =VLOOKUP($A17&"_"&$C17, DataSource!$A:$AT, 10, FALSE) -> 双手剑 | J17: =VLOOKUP($A17&"_"&$C17, DataSource!$A:$AT, 11, FALSE) -> 物理 | K17: =VLOOKUP($A17&"_"&$C17, DataSource!$A:$AT, 12, FALSE) -> 力量 | L17: =VLOOKUP($A17&"_"&$C17, DataSource!$A:$AT, 13, FALSE) -> 意志 | M17: =VLOOKUP($A17&"_"&$C17, DataSource!$A:$AT, 14, FALSE) -> 5495 | N17: =VLOOKUP($A17&"_"&$C17, DataSource!$A:$AT, 15, FALSE) -> 303 | O17: =VLOOKUP($A17&"_"&$C17, DataSource!$A:$AT, 16, FALSE) -> 0 | P17: =VLOOKUP($A17&"_"&$C17, DataSource!$A:$AT, 17, FALSE) -> 175.13644014306792 | Q17: =VLOOKUP($A17&"_"&$C17, DataSource!$A:$AT, 18, FALSE) -> 96.95876288659824 | R17: =VLOOKUP($A17&"_"&$C17, DataSource!$A:$AT, 19, FALSE) -> 94.96486429623367 | S17: =VLOOKUP($A17&"_"&$C17, DataSource!$A:$AT, 20, FALSE) -> 102.17433200084197 | T17: =VLOOKUP($A17&"_"&$C17, DataSource!$A:$AT, 21, FALSE) -> 5.0% | U17: =VLOOKUP($A17&"_"&$C17, DataSource!$A:$AT, 22, FALSE) -> 50.0% | V17: =VLOOKUP($A17&"_"&$C17, DataSource!$A:$AT, 23, FALSE) -> 3 | W17: =VLOOKUP($A17&"_"&$C17, DataSource!$A:$AT, 24, FALSE) -> 0.109375 | X17: =VLOOKUP($A17&"_"&$C17, DataSource!$A:$AT, 25, FALSE) -> 1.22704081632653 | Y17: =VLOOKUP($A17&"_"&$C17, DataSource!$A:$AT, 26, FALSE) -> 1.45408163265306 | Z17: =VLOOKUP($A17&"_"&$C17, DataSource!$A:$AT, 27, FALSE) -> 4 | AA17: =VLOOKUP($A17&"_"&$C17, DataSource!$A:$AT, 28, FALSE) -> 【精烹细作】如果终结技切丝入锅！至少击败了一个敌人，大潘造成的物理伤害+30%，持续15秒，该效果无法叠加。 | AB17: =VLOOKUP($A17&"_"&$C17, DataSource!$A:$AT, 29, FALSE) -> 【五味调和】天赋尝尝咸淡效果加强：备料状态持续时间+10秒，最大叠加层数+1。 | AC17: =VLOOKUP($A17&"_"&$C17, DataSource!$A:$AT, 30, FALSE) -> 【先进工作者】力量+15，造成的物理伤害+8%。 | AD17: =VLOOKUP($A17&"_"&$C17, DataSource!$A:$AT, 31, FALSE) -> 【自制酱料】终结技切丝入锅！所需的终结技能量-15%。 | AE17: =VLOOKUP($A17&"_"&$C17, DataSource!$A:$AT, 32, FALSE) -> 【猛火收汁】战技颠勺！如果仅命中单个敌人，对目标额外施加一层破防，该效果每45秒最多触发一次。 | AF17: =VLOOKUP($A17&"_"&$C17, DataSource!$A:$AT, 33, FALSE) -> 【锤炼】干员力量能力值提升10。 | AG17: =VLOOKUP($A17&"_"&$C17, DataSource!$A:$AT, 34, FALSE) -> 【锤炼】干员力量能力值提升15。 | AH17: =VLOOKUP($A17&"_"&$C17, DataSource!$A:$AT, 35, FALSE) -> 【锤炼】干员力量能力值提升15。 | AI17: =VLOOKUP($A17&"_"&$C17, DataSource!$A:$AT, 36, FALSE) -> 【锤炼】干员力量能力值提升20。 | AJ17: 1 | AK17: =VLOOKUP($A17&"_"&$C17, DataSource!$A:$AT, 39 + AJ17 - 1, FALSE) -> 【尝尝咸淡 Lv.1】终结技切丝入锅！的最后一击每命中一个敌人，获得一层备料状态，持续20秒，最多叠加1层。当处于备料状态时，连携技命中敌人后立即恢复40%冷却时间并消耗一层备料状态。 | AL17: 1 | AM17: =VLOOKUP($A17&"_"&$C17, DataSource!$A:$AT, 44 + AL17 - 1, FALSE) -> 【勾芡 Lv.1】每消耗1层破防后，造成的物理伤害+4%，持续10秒，该效果最多叠加4层。
A18: chr_0019_karin | B18: =VLOOKUP("chr_0019_karin_90", DataSource!$A:$P, 3, FALSE) -> 秋栗 | C18: 90 | D18: =VLOOKUP($A18&"_"&$C18, DataSource!$A:$AT, 5, FALSE) -> Akekuri | E18: =VLOOKUP($A18&"_"&$C18, DataSource!$A:$AT, 6, FALSE) -> 先锋 | F18: =VLOOKUP($A18&"_"&$C18, DataSource!$A:$AT, 7, FALSE) -> ENDFIELD INDUSTRIES | G18: =VLOOKUP($A18&"_"&$C18, DataSource!$A:$AT, 8, FALSE) -> 技力恢复, 灼热附着, 连击 | H18: =VLOOKUP($A18&"_"&$C18, DataSource!$A:$AT, 9, FALSE) -> 4★ | I18: =VLOOKUP($A18&"_"&$C18, DataSource!$A:$AT, 10, FALSE) -> 单手剑 | J18: =VLOOKUP($A18&"_"&$C18, DataSource!$A:$AT, 11, FALSE) -> 灼热 | K18: =VLOOKUP($A18&"_"&$C18, DataSource!$A:$AT, 12, FALSE) -> 敏捷 | L18: =VLOOKUP($A18&"_"&$C18, DataSource!$A:$AT, 13, FALSE) -> 智识 | M18: =VLOOKUP($A18&"_"&$C18, DataSource!$A:$AT, 14, FALSE) -> 5495 | N18: =VLOOKUP($A18&"_"&$C18, DataSource!$A:$AT, 15, FALSE) -> 319 | O18: =VLOOKUP($A18&"_"&$C18, DataSource!$A:$AT, 16, FALSE) -> 0 | P18: =VLOOKUP($A18&"_"&$C18, DataSource!$A:$AT, 17, FALSE) -> 110.43509362507857 | Q18: =VLOOKUP($A18&"_"&$C18, DataSource!$A:$AT, 18, FALSE) -> 140.9305701662104 | R18: =VLOOKUP($A18&"_"&$C18, DataSource!$A:$AT, 19, FALSE) -> 106.81085630128382 | S18: =VLOOKUP($A18&"_"&$C18, DataSource!$A:$AT, 20, FALSE) -> 108.0340837365874 | T18: =VLOOKUP($A18&"_"&$C18, DataSource!$A:$AT, 21, FALSE) -> 5.0% | U18: =VLOOKUP($A18&"_"&$C18, DataSource!$A:$AT, 22, FALSE) -> 50.0% | V18: =VLOOKUP($A18&"_"&$C18, DataSource!$A:$AT, 23, FALSE) -> 3 | W18: =VLOOKUP($A18&"_"&$C18, DataSource!$A:$AT, 24, FALSE) -> 0.14 | X18: =VLOOKUP($A18&"_"&$C18, DataSource!$A:$AT, 25, FALSE) -> 1.22704081632653 | Y18: =VLOOKUP($A18&"_"&$C18, DataSource!$A:$AT, 26, FALSE) -> 1.45408163265306 | Z18: =VLOOKUP($A18&"_"&$C18, DataSource!$A:$AT, 27, FALSE) -> 4 | AA18: =VLOOKUP($A18&"_"&$C18, DataSource!$A:$AT, 28, FALSE) -> 【正向反馈】通过技能恢复技力后，攻击力+10%，持续10秒，该效果最多叠加5层。 | AB18: =VLOOKUP($A18&"_"&$C18, DataSource!$A:$AT, 29, FALSE) -> 【理想热忱】敏捷+10，智识+10。 | AC18: =VLOOKUP($A18&"_"&$C18, DataSource!$A:$AT, 30, FALSE) -> 【全力协作】施放终结技小队，集结！期间，全队攻击力+10%。 | AD18: =VLOOKUP($A18&"_"&$C18, DataSource!$A:$AT, 31, FALSE) -> 【满分状态】终结技小队，集结！所需的终结技能量-10%。 | AE18: =VLOOKUP($A18&"_"&$C18, DataSource!$A:$AT, 32, FALSE) -> 【残心节奏】天赋心流时间效果加强：连击在终结技小队，集结！结束后还会持续5秒。 | AF18: =VLOOKUP($A18&"_"&$C18, DataSource!$A:$AT, 33, FALSE) -> 【游刃】干员敏捷能力值提升10。 | AG18: =VLOOKUP($A18&"_"&$C18, DataSource!$A:$AT, 34, FALSE) -> 【游刃】干员敏捷能力值提升15。 | AH18: =VLOOKUP($A18&"_"&$C18, DataSource!$A:$AT, 35, FALSE) -> 【游刃】干员敏捷能力值提升20。 | AI18: =VLOOKUP($A18&"_"&$C18, DataSource!$A:$AT, 36, FALSE) -> 【游刃】干员敏捷能力值提升15。 | AJ18: 1 | AK18: =VLOOKUP($A18&"_"&$C18, DataSource!$A:$AT, 39 + AJ18 - 1, FALSE) -> 【胜利喝彩 Lv.1】每10点智识会使连携技快闪冲击的技力恢复量+1.0%，最多提高50%。 | AL18: 1 | AM18: =VLOOKUP($A18&"_"&$C18, DataSource!$A:$AT, 44 + AL18 - 1, FALSE) -> 【心流时间 Lv.1】施放终结技小队，集结！期间，获得连击。
A19: chr_0020_meurs | B19: =VLOOKUP("chr_0020_meurs_90", DataSource!$A:$P, 3, FALSE) -> 卡契尔 | C19: 90 | D19: =VLOOKUP($A19&"_"&$C19, DataSource!$A:$AT, 5, FALSE) -> Catcher | E19: =VLOOKUP($A19&"_"&$C19, DataSource!$A:$AT, 6, FALSE) -> 重装 | F19: =VLOOKUP($A19&"_"&$C19, DataSource!$A:$AT, 7, FALSE) -> ENDFIELD INDUSTRIES | G19: =VLOOKUP($A19&"_"&$C19, DataSource!$A:$AT, 8, FALSE) -> 庇护, 护盾, 虚弱 | H19: =VLOOKUP($A19&"_"&$C19, DataSource!$A:$AT, 9, FALSE) -> 4★ | I19: =VLOOKUP($A19&"_"&$C19, DataSource!$A:$AT, 10, FALSE) -> 双手剑 | J19: =VLOOKUP($A19&"_"&$C19, DataSource!$A:$AT, 11, FALSE) -> 物理 | K19: =VLOOKUP($A19&"_"&$C19, DataSource!$A:$AT, 12, FALSE) -> 力量 | L19: =VLOOKUP($A19&"_"&$C19, DataSource!$A:$AT, 13, FALSE) -> 意志 | M19: =VLOOKUP($A19&"_"&$C19, DataSource!$A:$AT, 14, FALSE) -> 5495 | N19: =VLOOKUP($A19&"_"&$C19, DataSource!$A:$AT, 15, FALSE) -> 300 | O19: =VLOOKUP($A19&"_"&$C19, DataSource!$A:$AT, 16, FALSE) -> 0 | P19: =VLOOKUP($A19&"_"&$C19, DataSource!$A:$AT, 17, FALSE) -> 176.41173995371338 | Q19: =VLOOKUP($A19&"_"&$C19, DataSource!$A:$AT, 18, FALSE) -> 96.95876288659824 | R19: =VLOOKUP($A19&"_"&$C19, DataSource!$A:$AT, 19, FALSE) -> 86.75257731958767 | S19: =VLOOKUP($A19&"_"&$C19, DataSource!$A:$AT, 20, FALSE) -> 106.71712602566842 | T19: =VLOOKUP($A19&"_"&$C19, DataSource!$A:$AT, 21, FALSE) -> 5.0% | U19: =VLOOKUP($A19&"_"&$C19, DataSource!$A:$AT, 22, FALSE) -> 50.0% | V19: =VLOOKUP($A19&"_"&$C19, DataSource!$A:$AT, 23, FALSE) -> 3 | W19: =VLOOKUP($A19&"_"&$C19, DataSource!$A:$AT, 24, FALSE) -> 0.0958125 | X19: =VLOOKUP($A19&"_"&$C19, DataSource!$A:$AT, 25, FALSE) -> 1.22704081632653 | Y19: =VLOOKUP($A19&"_"&$C19, DataSource!$A:$AT, 26, FALSE) -> 1.45408163265306 | Z19: =VLOOKUP($A19&"_"&$C19, DataSource!$A:$AT, 27, FALSE) -> 4 | AA19: =VLOOKUP($A19&"_"&$C19, DataSource!$A:$AT, 28, FALSE) -> 【多重战备】战技刚性阻击和终结技教科书式猛攻命中敌人后，额外造成一次[300+防御力×5.0]的物理伤害。 | AB19: =VLOOKUP($A19&"_"&$C19, DataSource!$A:$AT, 29, FALSE) -> 【额外特训】防御力+20，意志+10。 | AC19: =VLOOKUP($A19&"_"&$C19, DataSource!$A:$AT, 30, FALSE) -> 【不屈心锚】连携技即时压制提供的护盾持续时间+5秒。 | AD19: =VLOOKUP($A19&"_"&$C19, DataSource!$A:$AT, 31, FALSE) -> 【苦难代偿】终结技教科书式猛攻所需的终结技能量-10%。 | AE19: =VLOOKUP($A19&"_"&$C19, DataSource!$A:$AT, 32, FALSE) -> 【无悔抉择】卡契尔存在护盾时，战技刚性阻击成功命中敌人后返还10点技力。 | AF19: =VLOOKUP($A19&"_"&$C19, DataSource!$A:$AT, 33, FALSE) -> 【锤炼】干员力量能力值提升10。 | AG19: =VLOOKUP($A19&"_"&$C19, DataSource!$A:$AT, 34, FALSE) -> 【锤炼】干员力量能力值提升15。 | AH19: =VLOOKUP($A19&"_"&$C19, DataSource!$A:$AT, 35, FALSE) -> 【锤炼】干员力量能力值提升20。 | AI19: =VLOOKUP($A19&"_"&$C19, DataSource!$A:$AT, 36, FALSE) -> 【锤炼】干员力量能力值提升15。 | AJ19: 1 | AK19: =VLOOKUP($A19&"_"&$C19, DataSource!$A:$AT, 39 + AJ19 - 1, FALSE) -> 【坚韧防线 Lv.1】每有10点意志，防御力+1.0。 | AL19: 1 | AM19: =VLOOKUP($A19&"_"&$C19, DataSource!$A:$AT, 44 + AL19 - 1, FALSE) -> 【全局思维 Lv.1】终结技教科书式猛攻的最后一击产生2次冲击波，每次冲击波造成攻击力30%的物理伤害。
A20: chr_0021_whiten | B20: =VLOOKUP("chr_0021_whiten_90", DataSource!$A:$P, 3, FALSE) -> 埃特拉 | C20: 90 | D20: =VLOOKUP($A20&"_"&$C20, DataSource!$A:$AT, 5, FALSE) -> Estella | E20: =VLOOKUP($A20&"_"&$C20, DataSource!$A:$AT, 6, FALSE) -> 近卫 | F20: =VLOOKUP($A20&"_"&$C20, DataSource!$A:$AT, 7, FALSE) -> ENDFIELD INDUSTRIES | G20: =VLOOKUP($A20&"_"&$C20, DataSource!$A:$AT, 8, FALSE) -> 寒冷附着, 击飞, 物理脆弱 | H20: =VLOOKUP($A20&"_"&$C20, DataSource!$A:$AT, 9, FALSE) -> 4★ | I20: =VLOOKUP($A20&"_"&$C20, DataSource!$A:$AT, 10, FALSE) -> 长柄武器 | J20: =VLOOKUP($A20&"_"&$C20, DataSource!$A:$AT, 11, FALSE) -> 寒冷 | K20: =VLOOKUP($A20&"_"&$C20, DataSource!$A:$AT, 12, FALSE) -> 意志 | L20: =VLOOKUP($A20&"_"&$C20, DataSource!$A:$AT, 13, FALSE) -> 力量 | M20: =VLOOKUP($A20&"_"&$C20, DataSource!$A:$AT, 14, FALSE) -> 5495 | N20: =VLOOKUP($A20&"_"&$C20, DataSource!$A:$AT, 15, FALSE) -> 312 | O20: =VLOOKUP($A20&"_"&$C20, DataSource!$A:$AT, 16, FALSE) -> 0 | P20: =VLOOKUP($A20&"_"&$C20, DataSource!$A:$AT, 17, FALSE) -> 104.63839680201973 | Q20: =VLOOKUP($A20&"_"&$C20, DataSource!$A:$AT, 18, FALSE) -> 97.8752366926149 | R20: =VLOOKUP($A20&"_"&$C20, DataSource!$A:$AT, 19, FALSE) -> 110.50136755733189 | S20: =VLOOKUP($A20&"_"&$C20, DataSource!$A:$AT, 20, FALSE) -> 151.53345255628025 | T20: =VLOOKUP($A20&"_"&$C20, DataSource!$A:$AT, 21, FALSE) -> 5.0% | U20: =VLOOKUP($A20&"_"&$C20, DataSource!$A:$AT, 22, FALSE) -> 50.0% | V20: =VLOOKUP($A20&"_"&$C20, DataSource!$A:$AT, 23, FALSE) -> 3 | W20: =VLOOKUP($A20&"_"&$C20, DataSource!$A:$AT, 24, FALSE) -> 0.133875 | X20: =VLOOKUP($A20&"_"&$C20, DataSource!$A:$AT, 25, FALSE) -> 1.22704081632653 | Y20: =VLOOKUP($A20&"_"&$C20, DataSource!$A:$AT, 26, FALSE) -> 1.45408163265306 | Z20: =VLOOKUP($A20&"_"&$C20, DataSource!$A:$AT, 27, FALSE) -> 4 | AA20: =VLOOKUP($A20&"_"&$C20, DataSource!$A:$AT, 28, FALSE) -> 【习惯性延误】连携技失真施加的物理脆弱持续时间+3秒。 | AB20: =VLOOKUP($A20&"_"&$C20, DataSource!$A:$AT, 29, FALSE) -> 【放低预期】终结技震音所需的终结技能量-10%。 | AC20: =VLOOKUP($A20&"_"&$C20, DataSource!$A:$AT, 30, FALSE) -> 【延后工作】战技凝声激发的制冷声波飞行距离+50%，并对首个命中敌人的伤害+40%。 | AD20: =VLOOKUP($A20&"_"&$C20, DataSource!$A:$AT, 31, FALSE) -> 【生命大于任务】意志+10，力量+10。 | AE20: =VLOOKUP($A20&"_"&$C20, DataSource!$A:$AT, 32, FALSE) -> 【活着就是胜利】每当有敌人被施加冻结后，获得5点终结技能量，该效果每1秒最多触发一次。 | AF20: =VLOOKUP($A20&"_"&$C20, DataSource!$A:$AT, 33, FALSE) -> 【守誓】干员意志能力值提升10。 | AG20: =VLOOKUP($A20&"_"&$C20, DataSource!$A:$AT, 34, FALSE) -> 【守誓】干员意志能力值提升15。 | AH20: =VLOOKUP($A20&"_"&$C20, DataSource!$A:$AT, 35, FALSE) -> 【守誓】干员意志能力值提升15。 | AI20: =VLOOKUP($A20&"_"&$C20, DataSource!$A:$AT, 36, FALSE) -> 【守誓】干员意志能力值提升20。 | AJ20: 1 | AK20: =VLOOKUP($A20&"_"&$C20, DataSource!$A:$AT, 39 + AJ20 - 1, FALSE) -> 【同病相怜 Lv.1】每当触发碎冰效果后，下一次战技凝声会返还7.5技力，该效果无法叠加。 | AL20: 1 | AM20: =VLOOKUP($A20&"_"&$C20, DataSource!$A:$AT, 44 + AL20 - 1, FALSE) -> 【惰性使然 Lv.1】不会被寒冷附着，且受到的寒冷伤害-10% 。
A21: chr_0022_bounda | B21: =VLOOKUP("chr_0022_bounda_90", DataSource!$A:$P, 3, FALSE) -> 萤石 | C21: 90 | D21: =VLOOKUP($A21&"_"&$C21, DataSource!$A:$AT, 5, FALSE) -> Fluorite | E21: =VLOOKUP($A21&"_"&$C21, DataSource!$A:$AT, 6, FALSE) -> 术师 | F21: =VLOOKUP($A21&"_"&$C21, DataSource!$A:$AT, 7, FALSE) -> ENDFIELD INDUSTRIES | G21: =VLOOKUP($A21&"_"&$C21, DataSource!$A:$AT, 8, FALSE) -> 自然附着, 寒冷附着 | H21: =VLOOKUP($A21&"_"&$C21, DataSource!$A:$AT, 9, FALSE) -> 4★ | I21: =VLOOKUP($A21&"_"&$C21, DataSource!$A:$AT, 10, FALSE) -> 手铳 | J21: =VLOOKUP($A21&"_"&$C21, DataSource!$A:$AT, 11, FALSE) -> 自然 | K21: =VLOOKUP($A21&"_"&$C21, DataSource!$A:$AT, 12, FALSE) -> 敏捷 | L21: =VLOOKUP($A21&"_"&$C21, DataSource!$A:$AT, 13, FALSE) -> 智识 | M21: =VLOOKUP($A21&"_"&$C21, DataSource!$A:$AT, 14, FALSE) -> 5495 | N21: =VLOOKUP($A21&"_"&$C21, DataSource!$A:$AT, 15, FALSE) -> 303 | O21: =VLOOKUP($A21&"_"&$C21, DataSource!$A:$AT, 16, FALSE) -> 0 | P21: =VLOOKUP($A21&"_"&$C21, DataSource!$A:$AT, 17, FALSE) -> 90.26888281085633 | Q21: =VLOOKUP($A21&"_"&$C21, DataSource!$A:$AT, 18, FALSE) -> 168.18903850199914 | R21: =VLOOKUP($A21&"_"&$C21, DataSource!$A:$AT, 19, FALSE) -> 114.59671786240251 | S21: =VLOOKUP($A21&"_"&$C21, DataSource!$A:$AT, 20, FALSE) -> 91.93141173995343 | T21: =VLOOKUP($A21&"_"&$C21, DataSource!$A:$AT, 21, FALSE) -> 5.0% | U21: =VLOOKUP($A21&"_"&$C21, DataSource!$A:$AT, 22, FALSE) -> 50.0% | V21: =VLOOKUP($A21&"_"&$C21, DataSource!$A:$AT, 23, FALSE) -> 10 | W21: =VLOOKUP($A21&"_"&$C21, DataSource!$A:$AT, 24, FALSE) -> 0.1150625 | X21: =VLOOKUP($A21&"_"&$C21, DataSource!$A:$AT, 25, FALSE) -> 1.22704081632653 | Y21: =VLOOKUP($A21&"_"&$C21, DataSource!$A:$AT, 26, FALSE) -> 1.45408163265306 | Z21: =VLOOKUP($A21&"_"&$C21, DataSource!$A:$AT, 27, FALSE) -> 4 | AA21: =VLOOKUP($A21&"_"&$C21, DataSource!$A:$AT, 28, FALSE) -> 【利手成双】敏捷+10，智识+10。 | AB21: =VLOOKUP($A21&"_"&$C21, DataSource!$A:$AT, 29, FALSE) -> 【读心技巧】天赋捉摸不定效果加强：法术伤害免疫概率+10%。 | AC21: =VLOOKUP($A21&"_"&$C21, DataSource!$A:$AT, 30, FALSE) -> 【三倍惊喜】战技小惊喜黏附的自制炸弹爆炸后，将缓速效果扩散给所有命中敌人，持续6秒。 | AD21: =VLOOKUP($A21&"_"&$C21, DataSource!$A:$AT, 31, FALSE) -> 【闹剧专家】终结技巅峰闹剧所需的终结技能量-10%。 | AE21: =VLOOKUP($A21&"_"&$C21, DataSource!$A:$AT, 32, FALSE) -> 【享受混乱】每当有敌人被施加寒冷附着或自然附着时，连携技免费赠礼冷却时间-1秒，该效果每1秒最多触发一次。 | AF21: =VLOOKUP($A21&"_"&$C21, DataSource!$A:$AT, 33, FALSE) -> 【游刃】干员敏捷能力值提升15。 | AG21: =VLOOKUP($A21&"_"&$C21, DataSource!$A:$AT, 34, FALSE) -> 【游刃】干员敏捷能力值提升10。 | AH21: =VLOOKUP($A21&"_"&$C21, DataSource!$A:$AT, 35, FALSE) -> 【游刃】干员敏捷能力值提升15。 | AI21: =VLOOKUP($A21&"_"&$C21, DataSource!$A:$AT, 36, FALSE) -> 【游刃】干员敏捷能力值提升20。 | AJ21: 1 | AK21: =VLOOKUP($A21&"_"&$C21, DataSource!$A:$AT, 39 + AJ21 - 1, FALSE) -> 【落井下石爱好者 Lv.1】萤石对处于缓速状态的目标造成的伤害+10% 。 | AL21: 1 | AM21: =VLOOKUP($A21&"_"&$C21, DataSource!$A:$AT, 44 + AL21 - 1, FALSE) -> 【捉摸不定 Lv.1】有20%的概率免疫法术伤害，之后使自身攻击力+10%，持续10秒，该效果无法叠加。
A22: chr_0023_antal | B22: =VLOOKUP("chr_0023_antal_90", DataSource!$A:$P, 3, FALSE) -> 安塔尔 | C22: 90 | D22: =VLOOKUP($A22&"_"&$C22, DataSource!$A:$AT, 5, FALSE) -> Antal | E22: =VLOOKUP($A22&"_"&$C22, DataSource!$A:$AT, 6, FALSE) -> 辅助 | F22: =VLOOKUP($A22&"_"&$C22, DataSource!$A:$AT, 7, FALSE) -> ENDFIELD INDUSTRIES | G22: =VLOOKUP($A22&"_"&$C22, DataSource!$A:$AT, 8, FALSE) -> 法术脆弱, 增幅 | H22: =VLOOKUP($A22&"_"&$C22, DataSource!$A:$AT, 9, FALSE) -> 4★ | I22: =VLOOKUP($A22&"_"&$C22, DataSource!$A:$AT, 10, FALSE) -> 施术单元 | J22: =VLOOKUP($A22&"_"&$C22, DataSource!$A:$AT, 11, FALSE) -> 电磁 | K22: =VLOOKUP($A22&"_"&$C22, DataSource!$A:$AT, 12, FALSE) -> 智识 | L22: =VLOOKUP($A22&"_"&$C22, DataSource!$A:$AT, 13, FALSE) -> 力量 | M22: =VLOOKUP($A22&"_"&$C22, DataSource!$A:$AT, 14, FALSE) -> 5495 | N22: =VLOOKUP($A22&"_"&$C22, DataSource!$A:$AT, 15, FALSE) -> 297 | O22: =VLOOKUP($A22&"_"&$C22, DataSource!$A:$AT, 16, FALSE) -> 0 | P22: =VLOOKUP($A22&"_"&$C22, DataSource!$A:$AT, 17, FALSE) -> 129.36860929938962 | Q22: =VLOOKUP($A22&"_"&$C22, DataSource!$A:$AT, 18, FALSE) -> 86.81885125184098 | R22: =VLOOKUP($A22&"_"&$C22, DataSource!$A:$AT, 19, FALSE) -> 165.22659373027602 | S22: =VLOOKUP($A22&"_"&$C22, DataSource!$A:$AT, 20, FALSE) -> 82.80265095729015 | T22: =VLOOKUP($A22&"_"&$C22, DataSource!$A:$AT, 21, FALSE) -> 5.0% | U22: =VLOOKUP($A22&"_"&$C22, DataSource!$A:$AT, 22, FALSE) -> 50.0% | V22: =VLOOKUP($A22&"_"&$C22, DataSource!$A:$AT, 23, FALSE) -> 10 | W22: =VLOOKUP($A22&"_"&$C22, DataSource!$A:$AT, 24, FALSE) -> 0.13125 | X22: =VLOOKUP($A22&"_"&$C22, DataSource!$A:$AT, 25, FALSE) -> 1.22704081632653 | Y22: =VLOOKUP($A22&"_"&$C22, DataSource!$A:$AT, 26, FALSE) -> 1.45408163265306 | Z22: =VLOOKUP($A22&"_"&$C22, DataSource!$A:$AT, 27, FALSE) -> 4 | AA22: =VLOOKUP($A22&"_"&$C22, DataSource!$A:$AT, 28, FALSE) -> 【术法天分】终结技超频时刻提供的电磁增幅和灼热增幅效果提高至原本的1.1倍。 | AB22: =VLOOKUP($A22&"_"&$C22, DataSource!$A:$AT, 29, FALSE) -> 【自动化改良】终结技超频时刻所需的终结技能量-10%。 | AC22: =VLOOKUP($A22&"_"&$C22, DataSource!$A:$AT, 30, FALSE) -> 【源石理论应用】若被聚焦的敌人在聚焦期间被击败，返还15点技力。 | AD22: =VLOOKUP($A22&"_"&$C22, DataSource!$A:$AT, 31, FALSE) -> 【奶奶的叮嘱】智识+10，最大生命值+10%。 | AE22: =VLOOKUP($A22&"_"&$C22, DataSource!$A:$AT, 32, FALSE) -> 【高规格技术测试】聚焦同一个目标20秒以后，电磁脆弱和灼热脆弱效果会提高4%。 | AF22: =VLOOKUP($A22&"_"&$C22, DataSource!$A:$AT, 33, FALSE) -> 【明晰】干员智识能力值提升20。 | AG22: =VLOOKUP($A22&"_"&$C22, DataSource!$A:$AT, 34, FALSE) -> 【明晰】干员智识能力值提升10。 | AH22: =VLOOKUP($A22&"_"&$C22, DataSource!$A:$AT, 35, FALSE) -> 【明晰】干员智识能力值提升15。 | AI22: =VLOOKUP($A22&"_"&$C22, DataSource!$A:$AT, 36, FALSE) -> 【明晰】干员智识能力值提升15。 | AJ22: 1 | AK22: =VLOOKUP($A22&"_"&$C22, DataSource!$A:$AT, 39 + AJ22 - 1, FALSE) -> 【即兴发挥 Lv.1】队伍中处于增幅状态的干员造成技能伤害后，安塔尔为其回复[72+力量×0.6]点生命值，每个干员每30秒最多受到1次该回复效果。 | AL22: 1 | AM22: =VLOOKUP($A22&"_"&$C22, DataSource!$A:$AT, 44 + AL22 - 1, FALSE) -> 【下意识 Lv.1】有30%的概率免疫物理伤害，并回复自身[27+力量×0.23]点生命值。
A23: chr_0024_deepfin | B23: =VLOOKUP("chr_0024_deepfin_90", DataSource!$A:$P, 3, FALSE) -> 阿列什 | C23: 90 | D23: =VLOOKUP($A23&"_"&$C23, DataSource!$A:$AT, 5, FALSE) -> Alesh | E23: =VLOOKUP($A23&"_"&$C23, DataSource!$A:$AT, 6, FALSE) -> 先锋 | F23: =VLOOKUP($A23&"_"&$C23, DataSource!$A:$AT, 7, FALSE) -> ENDFIELD INDUSTRIES | G23: =VLOOKUP($A23&"_"&$C23, DataSource!$A:$AT, 8, FALSE) -> 技力恢复, 冻结 | H23: =VLOOKUP($A23&"_"&$C23, DataSource!$A:$AT, 9, FALSE) -> 5★ | I23: =VLOOKUP($A23&"_"&$C23, DataSource!$A:$AT, 10, FALSE) -> 单手剑 | J23: =VLOOKUP($A23&"_"&$C23, DataSource!$A:$AT, 11, FALSE) -> 寒冷 | K23: =VLOOKUP($A23&"_"&$C23, DataSource!$A:$AT, 12, FALSE) -> 力量 | L23: =VLOOKUP($A23&"_"&$C23, DataSource!$A:$AT, 13, FALSE) -> 智识 | M23: =VLOOKUP($A23&"_"&$C23, DataSource!$A:$AT, 14, FALSE) -> 5495 | N23: =VLOOKUP($A23&"_"&$C23, DataSource!$A:$AT, 15, FALSE) -> 309 | O23: =VLOOKUP($A23&"_"&$C23, DataSource!$A:$AT, 16, FALSE) -> 0 | P23: =VLOOKUP($A23&"_"&$C23, DataSource!$A:$AT, 17, FALSE) -> 158.06900904691773 | Q23: =VLOOKUP($A23&"_"&$C23, DataSource!$A:$AT, 18, FALSE) -> 95.91920892068168 | R23: =VLOOKUP($A23&"_"&$C23, DataSource!$A:$AT, 19, FALSE) -> 125.82352198611446 | S23: =VLOOKUP($A23&"_"&$C23, DataSource!$A:$AT, 20, FALSE) -> 89.97538396802022 | T23: =VLOOKUP($A23&"_"&$C23, DataSource!$A:$AT, 21, FALSE) -> 5.0% | U23: =VLOOKUP($A23&"_"&$C23, DataSource!$A:$AT, 22, FALSE) -> 50.0% | V23: =VLOOKUP($A23&"_"&$C23, DataSource!$A:$AT, 23, FALSE) -> 3 | W23: =VLOOKUP($A23&"_"&$C23, DataSource!$A:$AT, 24, FALSE) -> 0.14 | X23: =VLOOKUP($A23&"_"&$C23, DataSource!$A:$AT, 25, FALSE) -> 1.22704081632653 | Y23: =VLOOKUP($A23&"_"&$C23, DataSource!$A:$AT, 26, FALSE) -> 1.45408163265306 | Z23: =VLOOKUP($A23&"_"&$C23, DataSource!$A:$AT, 27, FALSE) -> 4 | AA23: =VLOOKUP($A23&"_"&$C23, DataSource!$A:$AT, 28, FALSE) -> 【咸鳞翻身】战技非常规路亚触发恢复技力效果时，额外恢复10点技力。 | AB23: =VLOOKUP($A23&"_"&$C23, DataSource!$A:$AT, 29, FALSE) -> 【沉心静气】力量+15，智识+15。 | AC23: =VLOOKUP($A23&"_"&$C23, DataSource!$A:$AT, 30, FALSE) -> 【愿者上钩】连携技凿孔底钓术成功钓起珍鳞后，全队攻击力+15%，持续10秒，该效果无法叠加。 | AD23: =VLOOKUP($A23&"_"&$C23, DataSource!$A:$AT, 31, FALSE) -> 【疯狂钓组】终结技大鳞，上钩！所需的终结技能量-15%。 | AE23: =VLOOKUP($A23&"_"&$C23, DataSource!$A:$AT, 32, FALSE) -> 【特大鳞讯】终结技大鳞，上钩！命中生命值低于50%的目标时，伤害倍率提升至原本的1.5倍。 | AF23: =VLOOKUP($A23&"_"&$C23, DataSource!$A:$AT, 33, FALSE) -> 【锤炼】干员力量能力值提升10。 | AG23: =VLOOKUP($A23&"_"&$C23, DataSource!$A:$AT, 34, FALSE) -> 【锤炼】干员力量能力值提升15。 | AH23: =VLOOKUP($A23&"_"&$C23, DataSource!$A:$AT, 35, FALSE) -> 【锤炼】干员力量能力值提升15。 | AI23: =VLOOKUP($A23&"_"&$C23, DataSource!$A:$AT, 36, FALSE) -> 【锤炼】干员力量能力值提升20。 | AJ23: 1 | AK23: =VLOOKUP($A23&"_"&$C23, DataSource!$A:$AT, 39 + AJ23 - 1, FALSE) -> 【闪冻锁鲜 Lv.1】附近有敌人被冻结或被附着源石结晶后，自身获得3点终结技能量。自身造成冻结触发上述效果时，额外获得6点终结技能量。该效果每3秒内最多触发一次。 | AL23: 1 | AM23: =VLOOKUP($A23&"_"&$C23, DataSource!$A:$AT, 44 + AL23 - 1, FALSE) -> 【钓鳞老手 Lv.1】每10点智识会使连携技凿孔底钓术钓起珍鳞的概率+0.2%，最多+30%。
A24: chr_0025_ardelia | B24: =VLOOKUP("chr_0025_ardelia_90", DataSource!$A:$P, 3, FALSE) -> 艾尔黛拉 | C24: 90 | D24: =VLOOKUP($A24&"_"&$C24, DataSource!$A:$AT, 5, FALSE) -> Ardelia | E24: =VLOOKUP($A24&"_"&$C24, DataSource!$A:$AT, 6, FALSE) -> 辅助 | F24: =VLOOKUP($A24&"_"&$C24, DataSource!$A:$AT, 7, FALSE) -> ENDFIELD INDUSTRIES | G24: =VLOOKUP($A24&"_"&$C24, DataSource!$A:$AT, 8, FALSE) -> 治疗, 腐蚀, 脆弱 | H24: =VLOOKUP($A24&"_"&$C24, DataSource!$A:$AT, 9, FALSE) -> 6★ | I24: =VLOOKUP($A24&"_"&$C24, DataSource!$A:$AT, 10, FALSE) -> 施术单元 | J24: =VLOOKUP($A24&"_"&$C24, DataSource!$A:$AT, 11, FALSE) -> 自然 | K24: =VLOOKUP($A24&"_"&$C24, DataSource!$A:$AT, 12, FALSE) -> 智识 | L24: =VLOOKUP($A24&"_"&$C24, DataSource!$A:$AT, 13, FALSE) -> 意志 | M24: =VLOOKUP($A24&"_"&$C24, DataSource!$A:$AT, 14, FALSE) -> 5495 | N24: =VLOOKUP($A24&"_"&$C24, DataSource!$A:$AT, 15, FALSE) -> 323 | O24: =VLOOKUP($A24&"_"&$C24, DataSource!$A:$AT, 16, FALSE) -> 0 | P24: =VLOOKUP($A24&"_"&$C24, DataSource!$A:$AT, 17, FALSE) -> 112.12602566799943 | Q24: =VLOOKUP($A24&"_"&$C24, DataSource!$A:$AT, 18, FALSE) -> 93.89690721649515 | R24: =VLOOKUP($A24&"_"&$C24, DataSource!$A:$AT, 19, FALSE) -> 145.93519882179677 | S24: =VLOOKUP($A24&"_"&$C24, DataSource!$A:$AT, 20, FALSE) -> 118.24594992636237 | T24: =VLOOKUP($A24&"_"&$C24, DataSource!$A:$AT, 21, FALSE) -> 5.0% | U24: =VLOOKUP($A24&"_"&$C24, DataSource!$A:$AT, 22, FALSE) -> 50.0% | V24: =VLOOKUP($A24&"_"&$C24, DataSource!$A:$AT, 23, FALSE) -> 10 | W24: =VLOOKUP($A24&"_"&$C24, DataSource!$A:$AT, 24, FALSE) -> 0.112 | X24: =VLOOKUP($A24&"_"&$C24, DataSource!$A:$AT, 25, FALSE) -> 1.22704081632653 | Y24: =VLOOKUP($A24&"_"&$C24, DataSource!$A:$AT, 26, FALSE) -> 1.45408163265306 | Z24: =VLOOKUP($A24&"_"&$C24, DataSource!$A:$AT, 27, FALSE) -> 4 | AA24: =VLOOKUP($A24&"_"&$C24, DataSource!$A:$AT, 28, FALSE) -> 【羊的乐园】战技奔腾的多利消耗腐蚀后施加的物理脆弱与法术脆弱效果+8%。 | AB24: =VLOOKUP($A24&"_"&$C24, DataSource!$A:$AT, 29, FALSE) -> 【游戏奖励】天赋朋友的身影效果加强：当主控干员触碰多利先生的影子后，艾尔黛拉会以一半的效果额外治疗另一名生命值百分比最低的友方干员。 | AC24: =VLOOKUP($A24&"_"&$C24, DataSource!$A:$AT, 30, FALSE) -> 【爆炸式喷发】终结技毛茸茸派对的持续时间+1秒，且生成多利先生的影子的概率提升至原本的1.2倍。 | AD24: =VLOOKUP($A24&"_"&$C24, DataSource!$A:$AT, 31, FALSE) -> 【岩中花朵】终结技毛茸茸派对所需的终结技能量能量-15%。 | AE24: =VLOOKUP($A24&"_"&$C24, DataSource!$A:$AT, 32, FALSE) -> 【火山蒸汽】连携技火山蘑菇云冷却时间-2秒，伤害倍率提升至原本的1.2倍，施加的腐蚀效果持续时间+4秒。 | AF24: =VLOOKUP($A24&"_"&$C24, DataSource!$A:$AT, 33, FALSE) -> 【明晰】干员智识能力值提升15。 | AG24: =VLOOKUP($A24&"_"&$C24, DataSource!$A:$AT, 34, FALSE) -> 【明晰】干员智识能力值提升10。 | AH24: =VLOOKUP($A24&"_"&$C24, DataSource!$A:$AT, 35, FALSE) -> 【明晰】干员智识能力值提升15。 | AI24: =VLOOKUP($A24&"_"&$C24, DataSource!$A:$AT, 36, FALSE) -> 【明晰】干员智识能力值提升20。 | AJ24: 1 | AK24: =VLOOKUP($A24&"_"&$C24, DataSource!$A:$AT, 39 + AJ24 - 1, FALSE) -> 【朋友的身影 Lv.1】战技奔腾的多利命中敌人后生成3个多利先生的影子，终结技毛茸茸派对散射的多利先生的分身落地时有10%概率生成多利先生的影子。主控干员触碰多利先生的影子后，艾尔黛拉为其回复[45+意志×0.38]点生命值。主控干员生命值已满时，将转而治疗小队中生命值百分比最低的干员。多利先生的影子持续10秒，最多同时存在10个。 | AL24: 1 | AM24: =VLOOKUP($A24&"_"&$C24, DataSource!$A:$AT, 44 + AL24 - 1, FALSE) -> 【山顶冲浪 Lv.1】当艾尔黛拉的战技奔腾的多利成功触发额外效果后，若附近存在其他处于腐蚀状态的敌人，会立即再对其发动一次战技。每次主动施放战技只会触发一次该效果。
A25: chr_0026_lastrite | B25: =VLOOKUP("chr_0026_lastrite_90", DataSource!$A:$P, 3, FALSE) -> 别礼 | C25: 90 | D25: =VLOOKUP($A25&"_"&$C25, DataSource!$A:$AT, 5, FALSE) -> Last Rite | E25: =VLOOKUP($A25&"_"&$C25, DataSource!$A:$AT, 6, FALSE) -> 突击 | F25: =VLOOKUP($A25&"_"&$C25, DataSource!$A:$AT, 7, FALSE) -> ENDFIELD INDUSTRIES | G25: =VLOOKUP($A25&"_"&$C25, DataSource!$A:$AT, 8, FALSE) -> 大量伤害, 寒冷附着 | H25: =VLOOKUP($A25&"_"&$C25, DataSource!$A:$AT, 9, FALSE) -> 6★ | I25: =VLOOKUP($A25&"_"&$C25, DataSource!$A:$AT, 10, FALSE) -> 双手剑 | J25: =VLOOKUP($A25&"_"&$C25, DataSource!$A:$AT, 11, FALSE) -> 寒冷 | K25: =VLOOKUP($A25&"_"&$C25, DataSource!$A:$AT, 12, FALSE) -> 力量 | L25: =VLOOKUP($A25&"_"&$C25, DataSource!$A:$AT, 13, FALSE) -> 意志 | M25: =VLOOKUP($A25&"_"&$C25, DataSource!$A:$AT, 14, FALSE) -> 5495 | N25: =VLOOKUP($A25&"_"&$C25, DataSource!$A:$AT, 15, FALSE) -> 332 | O25: =VLOOKUP($A25&"_"&$C25, DataSource!$A:$AT, 16, FALSE) -> 0 | P25: =VLOOKUP($A25&"_"&$C25, DataSource!$A:$AT, 17, FALSE) -> 155.17757205975172 | Q25: =VLOOKUP($A25&"_"&$C25, DataSource!$A:$AT, 18, FALSE) -> 104.24548706080365 | R25: =VLOOKUP($A25&"_"&$C25, DataSource!$A:$AT, 19, FALSE) -> 93.89690721649515 | S25: =VLOOKUP($A25&"_"&$C25, DataSource!$A:$AT, 20, FALSE) -> 109.34782242794023 | T25: =VLOOKUP($A25&"_"&$C25, DataSource!$A:$AT, 21, FALSE) -> 5.0% | U25: =VLOOKUP($A25&"_"&$C25, DataSource!$A:$AT, 22, FALSE) -> 50.0% | V25: =VLOOKUP($A25&"_"&$C25, DataSource!$A:$AT, 23, FALSE) -> 3 | W25: =VLOOKUP($A25&"_"&$C25, DataSource!$A:$AT, 24, FALSE) -> 0.09 | X25: =VLOOKUP($A25&"_"&$C25, DataSource!$A:$AT, 25, FALSE) -> 1.22704081632653 | Y25: =VLOOKUP($A25&"_"&$C25, DataSource!$A:$AT, 26, FALSE) -> 1.45408163265306 | Z25: =VLOOKUP($A25&"_"&$C25, DataSource!$A:$AT, 27, FALSE) -> 4 | AA25: =VLOOKUP($A25&"_"&$C25, DataSource!$A:$AT, 28, FALSE) -> 【守墓人之赠】受到低温灌注的主控干员，重击命中敌人时额外造成20%伤害和5点失衡。 | AB25: =VLOOKUP($A25&"_"&$C25, DataSource!$A:$AT, 29, FALSE) -> 【零度武装】力量+20，寒冷伤害+10%。 | AC25: =VLOOKUP($A25&"_"&$C25, DataSource!$A:$AT, 30, FALSE) -> 【统御严冬】连携技噬冬和终结技临终别礼的伤害倍率提高至原本的1.15倍。 | AD25: =VLOOKUP($A25&"_"&$C25, DataSource!$A:$AT, 31, FALSE) -> 【诚挚告别】终结技临终别礼所需的终结技能量-15%。 | AE25: =VLOOKUP($A25&"_"&$C25, DataSource!$A:$AT, 32, FALSE) -> 【寒风再起】战技塞什卡的秘传返还的技力额外提高5点，并额外提高生成的幻影追击伤害倍率至原本的1.2倍。 | AF25: =VLOOKUP($A25&"_"&$C25, DataSource!$A:$AT, 33, FALSE) -> 【锤炼】干员力量能力值提升20。 | AG25: =VLOOKUP($A25&"_"&$C25, DataSource!$A:$AT, 34, FALSE) -> 【锤炼】干员力量能力值提升10。 | AH25: =VLOOKUP($A25&"_"&$C25, DataSource!$A:$AT, 35, FALSE) -> 【锤炼】干员力量能力值提升15。 | AI25: =VLOOKUP($A25&"_"&$C25, DataSource!$A:$AT, 36, FALSE) -> 【锤炼】干员力量能力值提升15。 | AJ25: 1 | AK25: =VLOOKUP($A25&"_"&$C25, DataSource!$A:$AT, 39 + AJ25 - 1, FALSE) -> 【低温症 Lv.1】当别礼消耗任何法术附着后，对该目标施加寒冷脆弱，效果为被消耗的法术附着层数×2%，持续15秒，该效果无法叠加。 | AL25: 1 | AM25: =VLOOKUP($A25&"_"&$C25, DataSource!$A:$AT, 44 + AL25 - 1, FALSE) -> 【低温脆性 Lv.1】终结技临终别礼造成伤害时，如果敌人处于寒冷脆弱状态，将其寒冷脆弱的效果视为原本的1.2倍。
A26: chr_0029_pograni | B26: =VLOOKUP("chr_0029_pograni_90", DataSource!$A:$P, 3, FALSE) -> 骏卫 | C26: 90 | D26: =VLOOKUP($A26&"_"&$C26, DataSource!$A:$AT, 5, FALSE) -> Pogranichnik | E26: =VLOOKUP($A26&"_"&$C26, DataSource!$A:$AT, 6, FALSE) -> 先锋 | F26: =VLOOKUP($A26&"_"&$C26, DataSource!$A:$AT, 7, FALSE) -> ENDFIELD INDUSTRIES | G26: =VLOOKUP($A26&"_"&$C26, DataSource!$A:$AT, 8, FALSE) -> 技力恢复, 碎甲 | H26: =VLOOKUP($A26&"_"&$C26, DataSource!$A:$AT, 9, FALSE) -> 6★ | I26: =VLOOKUP($A26&"_"&$C26, DataSource!$A:$AT, 10, FALSE) -> 单手剑 | J26: =VLOOKUP($A26&"_"&$C26, DataSource!$A:$AT, 11, FALSE) -> 物理 | K26: =VLOOKUP($A26&"_"&$C26, DataSource!$A:$AT, 12, FALSE) -> 意志 | L26: =VLOOKUP($A26&"_"&$C26, DataSource!$A:$AT, 13, FALSE) -> 敏捷 | M26: =VLOOKUP($A26&"_"&$C26, DataSource!$A:$AT, 14, FALSE) -> 5495 | N26: =VLOOKUP($A26&"_"&$C26, DataSource!$A:$AT, 15, FALSE) -> 321 | O26: =VLOOKUP($A26&"_"&$C26, DataSource!$A:$AT, 16, FALSE) -> 0 | P26: =VLOOKUP($A26&"_"&$C26, DataSource!$A:$AT, 17, FALSE) -> 101.2400589101617 | Q26: =VLOOKUP($A26&"_"&$C26, DataSource!$A:$AT, 18, FALSE) -> 110.25179886387522 | R26: =VLOOKUP($A26&"_"&$C26, DataSource!$A:$AT, 19, FALSE) -> 97.00610140963633 | S26: =VLOOKUP($A26&"_"&$C26, DataSource!$A:$AT, 20, FALSE) -> 173.23627182831888 | T26: =VLOOKUP($A26&"_"&$C26, DataSource!$A:$AT, 21, FALSE) -> 5.0% | U26: =VLOOKUP($A26&"_"&$C26, DataSource!$A:$AT, 22, FALSE) -> 50.0% | V26: =VLOOKUP($A26&"_"&$C26, DataSource!$A:$AT, 23, FALSE) -> 3 | W26: =VLOOKUP($A26&"_"&$C26, DataSource!$A:$AT, 24, FALSE) -> 0.14 | X26: =VLOOKUP($A26&"_"&$C26, DataSource!$A:$AT, 25, FALSE) -> 1.22704081632653 | Y26: =VLOOKUP($A26&"_"&$C26, DataSource!$A:$AT, 26, FALSE) -> 1.45408163265306 | Z26: =VLOOKUP($A26&"_"&$C26, DataSource!$A:$AT, 27, FALSE) -> 4 | AA26: =VLOOKUP($A26&"_"&$C26, DataSource!$A:$AT, 28, FALSE) -> 【阵线扫荡】战技粉碎阵线命中至少两个敌人时，返还15点技力。 | AB26: =VLOOKUP($A26&"_"&$C26, DataSource!$A:$AT, 29, FALSE) -> 【“行军”】意志+20，造成的物理伤害+10%。 | AC26: =VLOOKUP($A26&"_"&$C26, DataSource!$A:$AT, 30, FALSE) -> 【战旗飘扬时】天赋活着的旗帜效果加强：获得士气激昂所需的技力恢复量降低至60点。自身士气激昂最大叠加层数+2。 | AD26: =VLOOKUP($A26&"_"&$C26, DataSource!$A:$AT, 31, FALSE) -> 【塔卫二之盾】终结技盾卫旗队，上前所需的终结技能量-15%。 | AE26: =VLOOKUP($A26&"_"&$C26, DataSource!$A:$AT, 32, FALSE) -> 【新铸剑锋】连携技盈月邀击冷却时间-2秒，且技力恢复量变为原本的1.2倍。 | AF26: =VLOOKUP($A26&"_"&$C26, DataSource!$A:$AT, 33, FALSE) -> 【守誓】干员意志能力值提升10。 | AG26: =VLOOKUP($A26&"_"&$C26, DataSource!$A:$AT, 34, FALSE) -> 【守誓】干员意志能力值提升15。 | AH26: =VLOOKUP($A26&"_"&$C26, DataSource!$A:$AT, 35, FALSE) -> 【守誓】干员意志能力值提升15。 | AI26: =VLOOKUP($A26&"_"&$C26, DataSource!$A:$AT, 36, FALSE) -> 【守誓】干员意志能力值提升20。 | AJ26: 1 | AK26: =VLOOKUP($A26&"_"&$C26, DataSource!$A:$AT, 39 + AJ26 - 1, FALSE) -> 【战术教导 Lv.1】当任意干员触发终结技盾卫旗队，上前的后续效果后，也会获得持续5秒的士气激昂。需要激活天赋活着的旗帜。 | AL26: 1 | AM26: =VLOOKUP($A26&"_"&$C26, DataSource!$A:$AT, 44 + AL26 - 1, FALSE) -> 【活着的旗帜 Lv.1】战斗中，通过自身技能每恢复80点技力后，获得持续20秒的士气激昂。士气激昂效果：攻击力+4%，源石技艺强度+4。该效果最多叠加3层，每层单独计算时间。
A27: chr_0027_tangtang | B27: =VLOOKUP("chr_0027_tangtang_90", DataSource!$A:$P, 3, FALSE) -> 汤汤 | C27: 90 | D27: =VLOOKUP($A27&"_"&$C27, DataSource!$A:$AT, 5, FALSE) -> Tangtang | E27: =VLOOKUP($A27&"_"&$C27, DataSource!$A:$AT, 6, FALSE) -> 术师 | F27: =VLOOKUP($A27&"_"&$C27, DataSource!$A:$AT, 7, FALSE) -> ENDFIELD INDUSTRIES | G27: =VLOOKUP($A27&"_"&$C27, DataSource!$A:$AT, 8, FALSE) -> 寒冷附着, 法术脆弱 | H27: =VLOOKUP($A27&"_"&$C27, DataSource!$A:$AT, 9, FALSE) -> 6★ | I27: =VLOOKUP($A27&"_"&$C27, DataSource!$A:$AT, 10, FALSE) -> 手铳 | J27: =VLOOKUP($A27&"_"&$C27, DataSource!$A:$AT, 11, FALSE) -> 寒冷 | K27: =VLOOKUP($A27&"_"&$C27, DataSource!$A:$AT, 12, FALSE) -> 敏捷 | L27: =VLOOKUP($A27&"_"&$C27, DataSource!$A:$AT, 13, FALSE) -> 力量 | M27: =VLOOKUP($A27&"_"&$C27, DataSource!$A:$AT, 14, FALSE) -> 5495 | N27: =VLOOKUP($A27&"_"&$C27, DataSource!$A:$AT, 15, FALSE) -> 321 | O27: =VLOOKUP($A27&"_"&$C27, DataSource!$A:$AT, 16, FALSE) -> 0 | P27: =VLOOKUP($A27&"_"&$C27, DataSource!$A:$AT, 17, FALSE) -> 123.59899012530613 | Q27: =VLOOKUP($A27&"_"&$C27, DataSource!$A:$AT, 18, FALSE) -> 179.61561123326533 | R27: =VLOOKUP($A27&"_"&$C27, DataSource!$A:$AT, 19, FALSE) -> 85.75089417580612 | S27: =VLOOKUP($A27&"_"&$C27, DataSource!$A:$AT, 20, FALSE) -> 102.06185568316326 | T27: =VLOOKUP($A27&"_"&$C27, DataSource!$A:$AT, 21, FALSE) -> 5.0% | U27: =VLOOKUP($A27&"_"&$C27, DataSource!$A:$AT, 22, FALSE) -> 50.0% | V27: =VLOOKUP($A27&"_"&$C27, DataSource!$A:$AT, 23, FALSE) -> 10 | W27: =VLOOKUP($A27&"_"&$C27, DataSource!$A:$AT, 24, FALSE) -> 0.1150625 | X27: =VLOOKUP($A27&"_"&$C27, DataSource!$A:$AT, 25, FALSE) -> 1.22704081632653 | Y27: =VLOOKUP($A27&"_"&$C27, DataSource!$A:$AT, 26, FALSE) -> 1.45408163265306 | Z27: =VLOOKUP($A27&"_"&$C27, DataSource!$A:$AT, 27, FALSE) -> 4 | AA27: =VLOOKUP($A27&"_"&$C27, DataSource!$A:$AT, 28, FALSE) -> 【财宝储备】连携技河水，助我！的伤害倍率提升至原本的1.2倍，冷却时间-2秒。战技踏潮卷浪！每消耗一处涡流形成水龙卷，额外返还5点技力。 | AB27: =VLOOKUP($A27&"_"&$C27, DataSource!$A:$AT, 29, FALSE) -> 【河流的女儿】敏捷+20，寒冷伤害+10%。 | AC27: =VLOOKUP($A27&"_"&$C27, DataSource!$A:$AT, 30, FALSE) -> 【当家气魄】战技踏潮卷浪！伤害倍率提升至原本的1.1倍，且同时形成多个水龙卷时造成的法术脆弱效果额外+5%。 | AD27: =VLOOKUP($A27&"_"&$C27, DataSource!$A:$AT, 31, FALSE) -> 【清波修炼法】终结技大当家盯着呢！所需的终结技能量-15%。 | AE27: =VLOOKUP($A27&"_"&$C27, DataSource!$A:$AT, 32, FALSE) -> 【魔眼效能】终结技大当家盯着呢！的伤害倍率提升至原本的1.15倍。天赋呼风唤浪效果加强：终结技大当家盯着呢！形成的水龙卷伤害提升效果额外+80%。 | AF27: =VLOOKUP($A27&"_"&$C27, DataSource!$A:$AT, 33, FALSE) -> 【游刃】干员敏捷能力值提升15。 | AG27: =VLOOKUP($A27&"_"&$C27, DataSource!$A:$AT, 34, FALSE) -> 【游刃】干员敏捷能力值提升10。 | AH27: =VLOOKUP($A27&"_"&$C27, DataSource!$A:$AT, 35, FALSE) -> 【游刃】干员敏捷能力值提升15。 | AI27: =VLOOKUP($A27&"_"&$C27, DataSource!$A:$AT, 36, FALSE) -> 【游刃】干员敏捷能力值提升20。 | AJ27: 1 | AK27: =VLOOKUP($A27&"_"&$C27, DataSource!$A:$AT, 39 + AJ27 - 1, FALSE) -> 【肝胆相照 Lv.1】涡流附近5米范围内，友方干员获得10%加速，敌人受到20%缓速，离开范围后该效果持续3秒。 | AL27: 1 | AM27: =VLOOKUP($A27&"_"&$C27, DataSource!$A:$AT, 44 + AL27 - 1, FALSE) -> 【呼风唤浪 Lv.1】主控干员在古老图形中进行下落攻击，提前结束演化时，形成一个水龙卷，并消耗附近所有涡流使其形成额外的水龙卷。此次形成的水龙卷效果同战技踏潮卷浪！，造成的伤害+40%。

Sheet 管理员_技能
A1: ⚔ 管理员 - 技能数据面板
A3: ✦ 【普通攻击】毁伤序列 (chr_9000_endmin_NormalAttack)
A4: 普通攻击：对敌人进行至多5段攻击，造成物理伤害。作为主控干员时，重击会造成18点失衡。 下落攻击：处于空中时使用普通攻击，会下落并攻击附近敌人，造成物理伤害。 处决攻击：附近有敌人处于失衡状态时使用普通攻击，将处决该敌人，造成大量物理伤害并恢复一定技力。
A5: 参数名称 | B5: Lv1 | C5: Lv2 | D5: Lv3 | E5: Lv4 | F5: Lv5 | G5: Lv6 | H5: Lv7 | I5: Lv8 | J5: Lv9 | K5: M1 | L5: M2 | M5: M3
A6: 普攻第一段倍率 | B6: 23% | C6: 25% | D6: 27% | E6: 29% | F6: 32% | G6: 34% | H6: 36% | I6: 39% | J6: 41% | K6: 44% | L6: 47% | M6: 51%
A7: 普攻第二段倍率 | B7: 27% | C7: 30% | D7: 32% | E7: 35% | F7: 38% | G7: 41% | H7: 43% | I7: 46% | J7: 49% | K7: 52% | L7: 56% | M7: 61%
A8: 普攻第三段倍率 | B8: 30% | C8: 33% | D8: 36% | E8: 39% | F8: 42% | G8: 45% | H8: 48% | I8: 51% | J8: 54% | K8: 58% | L8: 63% | M8: 68%
A9: 普攻第四段倍率 | B9: 35% | C9: 38% | D9: 41% | E9: 45% | F9: 48% | G9: 52% | H9: 55% | I9: 59% | J9: 62% | K9: 67% | L9: 72% | M9: 78%
A10: 普攻第五段倍率 | B10: 40% | C10: 44% | D10: 48% | E10: 52% | F10: 56% | G10: 60% | H10: 64% | I10: 68% | J10: 72% | K10: 77% | L10: 83% | M10: 90%
A11: 处决攻击倍率 | B11: 400% | C11: 440% | D11: 480% | E11: 520% | F11: 560% | G11: 600% | H11: 640% | I11: 680% | J11: 720% | K11: 770% | L11: 830% | M11: 900%
A12: 下落攻击倍率 | B12: 80% | C12: 88% | D12: 96% | E12: 104% | F12: 112% | G12: 120% | H12: 128% | I12: 136% | J12: 144% | K12: 154% | L12: 166% | M12: 180%
A15: ✦ 【战技】构成序列 (chr_9000_endmin_NormalSkill)
A16: 使用源石技艺冲击前方一定范围内的敌人，造成物理伤害和猛击。
A17: 参数名称 | B17: Lv1 | C17: Lv2 | D17: Lv3 | E17: Lv4 | F17: Lv5 | G17: Lv6 | H17: Lv7 | I17: Lv8 | J17: Lv9 | K17: M1 | L17: M2 | M17: M3
A18: 伤害倍率 | B18: 156% | C18: 171% | D18: 187% | E18: 202% | F18: 218% | G18: 234% | H18: 249% | I18: 265% | J18: 280% | K18: 300% | L18: 323% | M18: 350%
A19: 失衡值 | B19: 10 | C19: 10 | D19: 10 | E19: 10 | F19: 10 | G19: 10 | H19: 10 | I19: 10 | J19: 10 | K19: 10 | L19: 10 | M19: 10
A22: ✦ 【终结技】轰击序列 (chr_9000_endmin_UltimateSkill)
A23: 使用源石技艺轰击地面，对前方扇形范围内的敌人造成大量物理伤害。如果敌人身上附着源石结晶，则消耗源石结晶并额外造成一次物理伤害。
A24: 参数名称 | B24: Lv1 | C24: Lv2 | D24: Lv3 | E24: Lv4 | F24: Lv5 | G24: Lv6 | H24: Lv7 | I24: Lv8 | J24: Lv9 | K24: M1 | L24: M2 | M24: M3
A25: 所需终结技能量 | B25: 80 | C25: 80 | D25: 80 | E25: 80 | F25: 80 | G25: 80 | H25: 80 | I25: 80 | J25: 80 | K25: 80 | L25: 80 | M25: 80
A26: 冷却时间 | B26: 10.0s | C26: 10.0s | D26: 10.0s | E26: 10.0s | F26: 10.0s | G26: 10.0s | H26: 10.0s | I26: 10.0s | J26: 10.0s | K26: 10.0s | L26: 10.0s | M26: 10.0s
A27: 所需终结技能量 (2) | B27: 80 | C27: 80 | D27: 80 | E27: 80 | F27: 80 | G27: 80 | H27: 80 | I27: 80 | J27: 80 | K27: 80 | L27: 80 | M27: 80
A28: 冷却时间 (2) | B28: 10.0s | C28: 10.0s | D28: 10.0s | E28: 10.0s | F28: 10.0s | G28: 10.0s | H28: 10.0s | I28: 10.0s | J28: 10.0s | K28: 10.0s | L28: 10.0s | M28: 10.0s
A29: 伤害倍率 | B29: 356% | C29: 391% | D29: 427% | E29: 462% | F29: 498% | G29: 533% | H29: 569% | I29: 604% | J29: 640% | K29: 684% | L29: 738% | M29: 800%
A30: 额外伤害倍率 | B30: 267% | C30: 294% | D30: 320% | E30: 347% | F30: 374% | G30: 400% | H30: 427% | I30: 454% | J30: 480% | K30: 514% | L30: 554% | M30: 600%
A31: 失衡值 | B31: 25 | C31: 25 | D31: 25 | E31: 25 | F31: 25 | G31: 25 | H31: 25 | I31: 25 | J31: 25 | K31: 25 | L31: 25 | M31: 25
A32: 伤害倍率 (2) | B32: 356% | C32: 391% | D32: 427% | E32: 462% | F32: 498% | G32: 533% | H32: 569% | I32: 604% | J32: 640% | K32: 684% | L32: 738% | M32: 800%
A33: 额外伤害倍率 (2) | B33: 267% | C33: 294% | D33: 320% | E33: 347% | F33: 374% | G33: 400% | H33: 427% | I33: 454% | J33: 480% | K33: 514% | L33: 554% | M33: 600%
A34: 失衡值 (2) | B34: 25 | C34: 25 | D34: 25 | E34: 25 | F34: 25 | G34: 25 | H34: 25 | I34: 25 | J34: 25 | K34: 25 | L34: 25 | M34: 25
A37: ✦ 【连携技】锁闭序列 (chr_9000_endmin_ComboSkill)
A38: 当小队内其他干员的连携技造成伤害时可以发动。冲到敌人身边，对其造成物理伤害，并附着源石结晶，在一段时间内将其封印。施加物理异常或破防会消耗源石结晶并额外造成物理伤害。
A39: 参数名称 | B39: Lv1 | C39: Lv2 | D39: Lv3 | E39: Lv4 | F39: Lv5 | G39: Lv6 | H39: Lv7 | I39: Lv8 | J39: Lv9 | K39: M1 | L39: M2 | M39: M3
A40: 冷却时间 | B40: 16.0s | C40: 16.0s | D40: 16.0s | E40: 16.0s | F40: 16.0s | G40: 16.0s | H40: 16.0s | I40: 16.0s | J40: 16.0s | K40: 16.0s | L40: 16.0s | M40: 15.0s
A41: 冷却时间 (2) | B41: 16.0s | C41: 16.0s | D41: 16.0s | E41: 16.0s | F41: 16.0s | G41: 16.0s | H41: 16.0s | I41: 16.0s | J41: 16.0s | K41: 16.0s | L41: 16.0s | M41: 15.0s
A42: 伤害倍率 | B42: 45% | C42: 49% | D42: 54% | E42: 58% | F42: 62% | G42: 67% | H42: 71% | I42: 76% | J42: 80% | K42: 86% | L42: 93% | M42: 100%
A43: 击碎结晶伤害倍率 | B43: 178% | C43: 196% | D43: 213% | E43: 231% | F43: 249% | G43: 267% | H43: 284% | I43: 302% | J43: 320% | K43: 342% | L43: 369% | M43: 400%
A44: 失衡值 | B44: 10 | C44: 10 | D44: 10 | E44: 10 | F44: 10 | G44: 10 | H44: 10 | I44: 10 | J44: 10 | K44: 10 | L44: 10 | M44: 10
A45: 封印时间（秒） | B45: 4 | C45: 4 | D45: 4 | E45: 4 | F45: 4 | G45: 4 | H45: 4 | I45: 4 | J45: 4 | K45: 4.5 | L45: 4.5 | M45: 5
A46: 伤害倍率 (2) | B46: 45% | C46: 49% | D46: 54% | E46: 58% | F46: 62% | G46: 67% | H46: 71% | I46: 76% | J46: 80% | K46: 86% | L46: 93% | M46: 100%
A47: 击碎结晶伤害倍率 (2) | B47: 178% | C47: 196% | D47: 213% | E47: 231% | F47: 249% | G47: 267% | H47: 284% | I47: 302% | J47: 320% | K47: 342% | L47: 369% | M47: 400%
A48: 失衡值 (2) | B48: 10 | C48: 10 | D48: 10 | E48: 10 | F48: 10 | G48: 10 | H48: 10 | I48: 10 | J48: 10 | K48: 10 | L48: 10 | M48: 10
A49: 封印时间（秒） (2) | B49: 4 | C49: 4 | D49: 4 | E49: 4 | F49: 4 | G49: 4 | H49: 4 | I49: 4 | J49: 4 | K49: 4.5 | L49: 4.5 | M49: 5

Sheet 管理员(男)_技能
A1: ⚔ 管理员(男) - 技能数据面板
A3: ✦ 【普通攻击】毁伤序列 (chr_0002_endminm_NormalAttack)
A4: 普通攻击：对敌人进行至多5段攻击，造成物理伤害。作为主控干员时，重击会造成18点失衡。 下落攻击：处于空中时使用普通攻击，会下落并攻击附近敌人，造成物理伤害。 处决攻击：附近有敌人处于失衡状态时使用普通攻击，将处决该敌人，造成大量物理伤害并恢复一定技力。
A5: 参数名称 | B5: Lv1 | C5: Lv2 | D5: Lv3 | E5: Lv4 | F5: Lv5 | G5: Lv6 | H5: Lv7 | I5: Lv8 | J5: Lv9 | K5: M1 | L5: M2 | M5: M3
A6: 普攻第一段倍率 | B6: 23% | C6: 25% | D6: 27% | E6: 29% | F6: 32% | G6: 34% | H6: 36% | I6: 39% | J6: 41% | K6: 44% | L6: 47% | M6: 51%
A7: 普攻第二段倍率 | B7: 27% | C7: 30% | D7: 32% | E7: 35% | F7: 38% | G7: 41% | H7: 43% | I7: 46% | J7: 49% | K7: 52% | L7: 56% | M7: 61%
A8: 普攻第三段倍率 | B8: 30% | C8: 33% | D8: 36% | E8: 39% | F8: 42% | G8: 45% | H8: 48% | I8: 51% | J8: 54% | K8: 58% | L8: 63% | M8: 68%
A9: 普攻第四段倍率 | B9: 35% | C9: 38% | D9: 41% | E9: 45% | F9: 48% | G9: 52% | H9: 55% | I9: 59% | J9: 62% | K9: 67% | L9: 72% | M9: 78%
A10: 普攻第五段倍率 | B10: 40% | C10: 44% | D10: 48% | E10: 52% | F10: 56% | G10: 60% | H10: 64% | I10: 68% | J10: 72% | K10: 77% | L10: 83% | M10: 90%
A11: 处决攻击倍率 | B11: 400% | C11: 440% | D11: 480% | E11: 520% | F11: 560% | G11: 600% | H11: 640% | I11: 680% | J11: 720% | K11: 770% | L11: 830% | M11: 900%
A12: 下落攻击倍率 | B12: 80% | C12: 88% | D12: 96% | E12: 104% | F12: 112% | G12: 120% | H12: 128% | I12: 136% | J12: 144% | K12: 154% | L12: 166% | M12: 180%
A15: ✦ 【战技】构成序列 (chr_0002_endminm_NormalSkill)
A16: 使用源石结晶冲击前方一定范围内的敌人，造成物理伤害和猛击。
A17: 参数名称 | B17: Lv1 | C17: Lv2 | D17: Lv3 | E17: Lv4 | F17: Lv5 | G17: Lv6 | H17: Lv7 | I17: Lv8 | J17: Lv9 | K17: M1 | L17: M2 | M17: M3
A18: 伤害倍率 | B18: 156% | C18: 171% | D18: 187% | E18: 202% | F18: 218% | G18: 234% | H18: 249% | I18: 265% | J18: 280% | K18: 300% | L18: 323% | M18: 350%
A19: 失衡值 | B19: 10 | C19: 10 | D19: 10 | E19: 10 | F19: 10 | G19: 10 | H19: 10 | I19: 10 | J19: 10 | K19: 10 | L19: 10 | M19: 10
A22: ✦ 【终结技】轰击序列 (chr_0002_endminm_UltimateSkill)
A23: 使用源石结晶轰击地面，对前方扇形范围内的敌人造成大量物理伤害。如果敌人身上附着源石结晶，则击碎源石结晶并额外造成一次物理伤害。
A24: 参数名称 | B24: Lv1 | C24: Lv2 | D24: Lv3 | E24: Lv4 | F24: Lv5 | G24: Lv6 | H24: Lv7 | I24: Lv8 | J24: Lv9 | K24: M1 | L24: M2 | M24: M3
A25: 所需终结技能量 | B25: 80 | C25: 80 | D25: 80 | E25: 80 | F25: 80 | G25: 80 | H25: 80 | I25: 80 | J25: 80 | K25: 80 | L25: 80 | M25: 80
A26: 冷却时间 | B26: 10.0s | C26: 10.0s | D26: 10.0s | E26: 10.0s | F26: 10.0s | G26: 10.0s | H26: 10.0s | I26: 10.0s | J26: 10.0s | K26: 10.0s | L26: 10.0s | M26: 10.0s
A27: 伤害倍率 | B27: 356% | C27: 391% | D27: 427% | E27: 462% | F27: 498% | G27: 533% | H27: 569% | I27: 604% | J27: 640% | K27: 684% | L27: 738% | M27: 800%
A28: 额外伤害倍率 | B28: 267% | C28: 294% | D28: 320% | E28: 347% | F28: 374% | G28: 400% | H28: 427% | I28: 454% | J28: 480% | K28: 514% | L28: 554% | M28: 600%
A29: 失衡值 | B29: 25 | C29: 25 | D29: 25 | E29: 25 | F29: 25 | G29: 25 | H29: 25 | I29: 25 | J29: 25 | K29: 25 | L29: 25 | M29: 25
A32: ✦ 【连携技】锁闭序列 (chr_0002_endminm_ComboSkill)
A33: 当小队内其他干员的连携技造成伤害时可以发动。冲到敌人身边，对其造成物理伤害，并附着源石结晶，在一段时间内将其封印。施加物理异常和破防会击碎源石结晶并额外造成物理伤害。
A34: 参数名称 | B34: Lv1 | C34: Lv2 | D34: Lv3 | E34: Lv4 | F34: Lv5 | G34: Lv6 | H34: Lv7 | I34: Lv8 | J34: Lv9 | K34: M1 | L34: M2 | M34: M3
A35: 冷却时间 | B35: 16.0s | C35: 16.0s | D35: 16.0s | E35: 16.0s | F35: 16.0s | G35: 16.0s | H35: 16.0s | I35: 16.0s | J35: 16.0s | K35: 16.0s | L35: 16.0s | M35: 15.0s
A36: 伤害倍率 | B36: 45% | C36: 49% | D36: 54% | E36: 58% | F36: 62% | G36: 67% | H36: 71% | I36: 76% | J36: 80% | K36: 86% | L36: 93% | M36: 100%
A37: 击碎结晶伤害倍率 | B37: 178% | C37: 196% | D37: 213% | E37: 231% | F37: 249% | G37: 267% | H37: 284% | I37: 302% | J37: 320% | K37: 342% | L37: 369% | M37: 400%
A38: 失衡值 | B38: 10 | C38: 10 | D38: 10 | E38: 10 | F38: 10 | G38: 10 | H38: 10 | I38: 10 | J38: 10 | K38: 10 | L38: 10 | M38: 10
A39: 封印时间（秒） | B39: 4 | C39: 4 | D39: 4 | E39: 4 | F39: 4 | G39: 4 | H39: 4 | I39: 4 | J39: 4 | K39: 4.5 | L39: 4.5 | M39: 5

Sheet 管理员(女)_技能
A1: ⚔ 管理员(女) - 技能数据面板
A3: ✦ 【普通攻击】毁伤序列 (chr_0003_endminf_NormalAttack)
A4: 普通攻击：对敌人进行至多5段攻击，造成物理伤害。作为主控干员时，重击会造成18点失衡。 下落攻击：处于空中时使用普通攻击，会下落并攻击附近敌人，造成物理伤害。 处决攻击：附近有敌人处于失衡状态时使用普通攻击，将处决该敌人，造成大量物理伤害并恢复一定技力。
A5: 参数名称 | B5: Lv1 | C5: Lv2 | D5: Lv3 | E5: Lv4 | F5: Lv5 | G5: Lv6 | H5: Lv7 | I5: Lv8 | J5: Lv9 | K5: M1 | L5: M2 | M5: M3
A6: 普攻第一段倍率 | B6: 23% | C6: 25% | D6: 27% | E6: 29% | F6: 32% | G6: 34% | H6: 36% | I6: 39% | J6: 41% | K6: 44% | L6: 47% | M6: 51%
A7: 普攻第二段倍率 | B7: 27% | C7: 30% | D7: 32% | E7: 35% | F7: 38% | G7: 41% | H7: 43% | I7: 46% | J7: 49% | K7: 52% | L7: 56% | M7: 61%
A8: 普攻第三段倍率 | B8: 30% | C8: 33% | D8: 36% | E8: 39% | F8: 42% | G8: 45% | H8: 48% | I8: 51% | J8: 54% | K8: 58% | L8: 63% | M8: 68%
A9: 普攻第四段倍率 | B9: 35% | C9: 38% | D9: 41% | E9: 45% | F9: 48% | G9: 52% | H9: 55% | I9: 59% | J9: 62% | K9: 67% | L9: 72% | M9: 78%
A10: 普攻第五段倍率 | B10: 40% | C10: 44% | D10: 48% | E10: 52% | F10: 56% | G10: 60% | H10: 64% | I10: 68% | J10: 72% | K10: 77% | L10: 83% | M10: 90%
A11: 处决攻击倍率 | B11: 400% | C11: 440% | D11: 480% | E11: 520% | F11: 560% | G11: 600% | H11: 640% | I11: 680% | J11: 720% | K11: 770% | L11: 830% | M11: 900%
A12: 下落攻击倍率 | B12: 80% | C12: 88% | D12: 96% | E12: 104% | F12: 112% | G12: 120% | H12: 128% | I12: 136% | J12: 144% | K12: 154% | L12: 166% | M12: 180%
A15: ✦ 【战技】构成序列 (chr_0003_endminf_NormalSkill)
A16: 使用源石结晶冲击前方一定范围内的敌人，造成物理伤害和猛击。
A17: 参数名称 | B17: Lv1 | C17: Lv2 | D17: Lv3 | E17: Lv4 | F17: Lv5 | G17: Lv6 | H17: Lv7 | I17: Lv8 | J17: Lv9 | K17: M1 | L17: M2 | M17: M3
A18: 伤害倍率 | B18: 156% | C18: 171% | D18: 187% | E18: 202% | F18: 218% | G18: 234% | H18: 249% | I18: 265% | J18: 280% | K18: 300% | L18: 323% | M18: 350%
A19: 失衡值 | B19: 10 | C19: 10 | D19: 10 | E19: 10 | F19: 10 | G19: 10 | H19: 10 | I19: 10 | J19: 10 | K19: 10 | L19: 10 | M19: 10
A22: ✦ 【终结技】轰击序列 (chr_0003_endminf_UltimateSkill)
A23: 使用源石结晶轰击地面，对前方扇形范围内的敌人造成大量物理伤害。如果敌人身上附着源石结晶，则击碎源石结晶并额外造成一次物理伤害。
A24: 参数名称 | B24: Lv1 | C24: Lv2 | D24: Lv3 | E24: Lv4 | F24: Lv5 | G24: Lv6 | H24: Lv7 | I24: Lv8 | J24: Lv9 | K24: M1 | L24: M2 | M24: M3
A25: 所需终结技能量 | B25: 80 | C25: 80 | D25: 80 | E25: 80 | F25: 80 | G25: 80 | H25: 80 | I25: 80 | J25: 80 | K25: 80 | L25: 80 | M25: 80
A26: 冷却时间 | B26: 10.0s | C26: 10.0s | D26: 10.0s | E26: 10.0s | F26: 10.0s | G26: 10.0s | H26: 10.0s | I26: 10.0s | J26: 10.0s | K26: 10.0s | L26: 10.0s | M26: 10.0s
A27: 伤害倍率 | B27: 356% | C27: 391% | D27: 427% | E27: 462% | F27: 498% | G27: 533% | H27: 569% | I27: 604% | J27: 640% | K27: 684% | L27: 738% | M27: 800%
A28: 额外伤害倍率 | B28: 267% | C28: 294% | D28: 320% | E28: 347% | F28: 374% | G28: 400% | H28: 427% | I28: 454% | J28: 480% | K28: 514% | L28: 554% | M28: 600%
A29: 失衡值 | B29: 25 | C29: 25 | D29: 25 | E29: 25 | F29: 25 | G29: 25 | H29: 25 | I29: 25 | J29: 25 | K29: 25 | L29: 25 | M29: 25
A32: ✦ 【连携技】锁闭序列 (chr_0003_endminf_ComboSkill)
A33: 当小队内其他干员的连携技造成伤害时可以发动。冲到敌人身边，对其造成物理伤害，并附着源石结晶，在一段时间内将其封印。施加物理异常和破防会击碎源石结晶并额外造成物理伤害。
A34: 参数名称 | B34: Lv1 | C34: Lv2 | D34: Lv3 | E34: Lv4 | F34: Lv5 | G34: Lv6 | H34: Lv7 | I34: Lv8 | J34: Lv9 | K34: M1 | L34: M2 | M34: M3
A35: 冷却时间 | B35: 16.0s | C35: 16.0s | D35: 16.0s | E35: 16.0s | F35: 16.0s | G35: 16.0s | H35: 16.0s | I35: 16.0s | J35: 16.0s | K35: 16.0s | L35: 16.0s | M35: 15.0s
A36: 伤害倍率 | B36: 45% | C36: 49% | D36: 54% | E36: 58% | F36: 62% | G36: 67% | H36: 71% | I36: 76% | J36: 80% | K36: 86% | L36: 93% | M36: 100%
A37: 击碎结晶伤害倍率 | B37: 178% | C37: 196% | D37: 213% | E37: 231% | F37: 249% | G37: 267% | H37: 284% | I37: 302% | J37: 320% | K37: 342% | L37: 369% | M37: 400%
A38: 失衡值 | B38: 10 | C38: 10 | D38: 10 | E38: 10 | F38: 10 | G38: 10 | H38: 10 | I38: 10 | J38: 10 | K38: 10 | L38: 10 | M38: 10
A39: 封印时间（秒） | B39: 4 | C39: 4 | D39: 4 | E39: 4 | F39: 4 | G39: 4 | H39: 4 | I39: 4 | J39: 4 | K39: 4.5 | L39: 4.5 | M39: 5

Sheet 佩丽卡_技能
A1: ⚔ 佩丽卡 - 技能数据面板
A3: ✦ 【普通攻击】协议α·突破 (chr_0004_pelica_NormalAttack)
A4: 普通攻击：对敌人进行至多4段攻击，造成电磁伤害。作为主控干员时，重击会造成15点失衡。下落攻击：处于空中时使用普通攻击，会下落并攻击附近敌人，造成电磁伤害。处决攻击：附近有敌人处于失衡状态时使用普通攻击，将处决该敌人，造成大量电磁伤害并恢复一定技力。
A5: 参数名称 | B5: Lv1 | C5: Lv2 | D5: Lv3 | E5: Lv4 | F5: Lv5 | G5: Lv6 | H5: Lv7 | I5: Lv8 | J5: Lv9 | K5: M1 | L5: M2 | M5: M3
A6: 普攻第一段倍率 | B6: 25% | C6: 28% | D6: 31% | E6: 33% | F6: 36% | G6: 38% | H6: 41% | I6: 43% | J6: 46% | K6: 49% | L6: 53% | M6: 57%
A7: 普攻第二段倍率 | B7: 30% | C7: 33% | D7: 36% | E7: 39% | F7: 42% | G7: 45% | H7: 48% | I7: 51% | J7: 54% | K7: 58% | L7: 62% | M7: 68%
A8: 普攻第三段倍率 | B8: 37% | C8: 41% | D8: 45% | E8: 48% | F8: 52% | G8: 56% | H8: 59% | I8: 63% | J8: 67% | K8: 71% | L8: 77% | M8: 84%
A9: 普攻第四段倍率 | B9: 57% | C9: 62% | D9: 68% | E9: 73% | F9: 79% | G9: 85% | H9: 90% | I9: 96% | J9: 102% | K9: 109% | L9: 117% | M9: 127%
A10: 处决攻击倍率 | B10: 400% | C10: 440% | D10: 480% | E10: 520% | F10: 560% | G10: 600% | H10: 640% | I10: 680% | J10: 720% | K10: 770% | L10: 830% | M10: 900%
A11: 下落攻击倍率 | B11: 80% | C11: 88% | D11: 96% | E11: 104% | F11: 112% | G11: 120% | H11: 128% | I11: 136% | J11: 144% | K11: 154% | L11: 166% | M11: 180%
A14: ✦ 【战技】协议ω·雷击 (chr_0004_pelica_NormalSkill)
A15: 释放一道电磁能量从空中落下，对小范围内敌人造成电磁伤害并施加电磁附着。
A16: 参数名称 | B16: Lv1 | C16: Lv2 | D16: Lv3 | E16: Lv4 | F16: Lv5 | G16: Lv6 | H16: Lv7 | I16: Lv8 | J16: Lv9 | K16: M1 | L16: M2 | M16: M3
A17: 伤害倍率 | B17: 178% | C17: 196% | D17: 213% | E17: 231% | F17: 249% | G17: 267% | H17: 285% | I17: 302% | J17: 320% | K17: 342% | L17: 369% | M17: 400%
A18: 失衡值 | B18: 10 | C18: 10 | D18: 10 | E18: 10 | F18: 10 | G18: 10 | H18: 10 | I18: 10 | J18: 10 | K18: 10 | L18: 10 | M18: 10
A21: ✦ 【终结技】协议ε·70.41κ (chr_0004_pelica_UltimateSkill)
A22: 立即传送一块巨大的轨道漂浮物对目标区域进行毁灭性打击，对区域内的敌人造成大量电磁伤害。
A23: 参数名称 | B23: Lv1 | C23: Lv2 | D23: Lv3 | E23: Lv4 | F23: Lv5 | G23: Lv6 | H23: Lv7 | I23: Lv8 | J23: Lv9 | K23: M1 | L23: M2 | M23: M3
A24: 所需终结技能量 | B24: 80 | C24: 80 | D24: 80 | E24: 80 | F24: 80 | G24: 80 | H24: 80 | I24: 80 | J24: 80 | K24: 80 | L24: 80 | M24: 80
A25: 冷却时间 | B25: 10.0s | C25: 10.0s | D25: 10.0s | E25: 10.0s | F25: 10.0s | G25: 10.0s | H25: 10.0s | I25: 10.0s | J25: 10.0s | K25: 10.0s | L25: 10.0s | M25: 10.0s
A26: 伤害倍率 | B26: 445% | C26: 489% | D26: 534% | E26: 578% | F26: 622% | G26: 667% | H26: 711% | I26: 756% | J26: 800% | K26: 856% | L26: 923% | M26: 1000%
A27: 失衡值 | B27: 20 | C27: 20 | D27: 20 | E27: 20 | F27: 20 | G27: 20 | H27: 20 | I27: 20 | J27: 20 | K27: 20 | L27: 20 | M27: 20
A30: ✦ 【连携技】即时协议·闪链 (chr_0004_pelica_ComboSkill)
A31: 当主控干员对敌人造成重击后可以发动。释放积蓄的电磁能量轰击目标，造成电磁伤害并强制施加短暂的导电。
A32: 参数名称 | B32: Lv1 | C32: Lv2 | D32: Lv3 | E32: Lv4 | F32: Lv5 | G32: Lv6 | H32: Lv7 | I32: Lv8 | J32: Lv9 | K32: M1 | L32: M2 | M32: M3
A33: 冷却时间 | B33: 20.0s | C33: 20.0s | D33: 20.0s | E33: 20.0s | F33: 20.0s | G33: 20.0s | H33: 20.0s | I33: 20.0s | J33: 20.0s | K33: 20.0s | L33: 20.0s | M33: 19.0s
A34: 伤害倍率 | B34: 80% | C34: 88% | D34: 96% | E34: 104% | F34: 112% | G34: 120% | H34: 128% | I34: 136% | J34: 144% | K34: 154% | L34: 166% | M34: 180%
A35: 失衡值 | B35: 10 | C35: 10 | D35: 10 | E35: 10 | F35: 10 | G35: 10 | H35: 10 | I35: 10 | J35: 10 | K35: 10 | L35: 10 | M35: 10
A36: 导电时长（秒） | B36: 5 | C36: 5 | D36: 5 | E36: 5 | F36: 5 | G36: 5 | H36: 5 | I36: 5 | J36: 5 | K36: 5 | L36: 5 | M36: 5

Sheet 陈千语_技能
A1: ⚔ 陈千语 - 技能数据面板
A3: ✦ 【普通攻击】破飞霞 (chr_0005_chen_NormalAttack)
A4: 普通攻击：对敌人进行至多5段攻击，造成物理伤害。作为主控干员时，重击会造成16点失衡。下落攻击：处于空中时使用普通攻击，会下落并攻击附近敌人，造成物理伤害。处决攻击：附近有敌人处于失衡状态时使用普通攻击，将处决该敌人，造成大量物理伤害并恢复一定技力。
A5: 参数名称 | B5: Lv1 | C5: Lv2 | D5: Lv3 | E5: Lv4 | F5: Lv5 | G5: Lv6 | H5: Lv7 | I5: Lv8 | J5: Lv9 | K5: M1 | L5: M2 | M5: M3
A6: 普攻第一段倍率 | B6: 20% | C6: 22% | D6: 24% | E6: 26% | F6: 28% | G6: 30% | H6: 32% | I6: 34% | J6: 36% | K6: 39% | L6: 42% | M6: 45%
A7: 普攻第二段倍率 | B7: 24% | C7: 26% | D7: 29% | E7: 31% | F7: 34% | G7: 36% | H7: 38% | I7: 41% | J7: 43% | K7: 46% | L7: 50% | M7: 54%
A8: 普攻第三段倍率 | B8: 27% | C8: 29% | D8: 32% | E8: 35% | F8: 38% | G8: 40% | H8: 43% | I8: 46% | J8: 48% | K8: 52% | L8: 56% | M8: 60%
A9: 普攻第四段倍率 | B9: 30% | C9: 33% | D9: 36% | E9: 39% | F9: 42% | G9: 45% | H9: 48% | I9: 51% | J9: 54% | K9: 58% | L9: 62% | M9: 68%
A10: 普攻第五段倍率 | B10: 40% | C10: 44% | D10: 48% | E10: 52% | F10: 56% | G10: 60% | H10: 64% | I10: 68% | J10: 72% | K10: 77% | L10: 83% | M10: 90%
A11: 处决攻击倍率 | B11: 400% | C11: 440% | D11: 480% | E11: 520% | F11: 560% | G11: 600% | H11: 640% | I11: 680% | J11: 720% | K11: 770% | L11: 830% | M11: 900%
A12: 下落攻击倍率 | B12: 80% | C12: 88% | D12: 96% | E12: 104% | F12: 112% | G12: 120% | H12: 128% | I12: 136% | J12: 144% | K12: 154% | L12: 166% | M12: 180%
A15: ✦ 【战技】归穹宇 (chr_0005_chen_NormalSkill)
A16: 对目标敌人进行上挑攻击，造成物理伤害和击飞。
A17: 参数名称 | B17: Lv1 | C17: Lv2 | D17: Lv3 | E17: Lv4 | F17: Lv5 | G17: Lv6 | H17: Lv7 | I17: Lv8 | J17: Lv9 | K17: M1 | L17: M2 | M17: M3
A18: 伤害倍率 | B18: 169% | C18: 186% | D18: 203% | E18: 219% | F18: 236% | G18: 253% | H18: 270% | I18: 287% | J18: 304% | K18: 325% | L18: 350% | M18: 380%
A19: 失衡值 | B19: 10 | C19: 10 | D19: 10 | E19: 10 | F19: 10 | G19: 10 | H19: 10 | I19: 10 | J19: 10 | K19: 10 | L19: 10 | M19: 10
A20: 浮空时间（秒） | B20: 1 | C20: 1 | D20: 1 | E20: 1 | F20: 1 | G20: 1.5 | H20: 1.5 | I20: 1.5 | J20: 2 | K20: 2 | L20: 2 | M20: 2.5
A23: ✦ 【终结技】冽风霜 (chr_0005_chen_UltimateSkill)
A24: 对目标敌人进行7段斩击，每次造成物理伤害。最后一段斩击造成的伤害更高。
A25: 参数名称 | B25: Lv1 | C25: Lv2 | D25: Lv3 | E25: Lv4 | F25: Lv5 | G25: Lv6 | H25: Lv7 | I25: Lv8 | J25: Lv9 | K25: M1 | L25: M2 | M25: M3
A26: 所需终结技能量 | B26: 70 | C26: 70 | D26: 70 | E26: 70 | F26: 70 | G26: 70 | H26: 70 | I26: 70 | J26: 70 | K26: 70 | L26: 70 | M26: 70
A27: 冷却时间 | B27: 10.0s | C27: 10.0s | D27: 10.0s | E27: 10.0s | F27: 10.0s | G27: 10.0s | H27: 10.0s | I27: 10.0s | J27: 10.0s | K27: 10.0s | L27: 10.0s | M27: 10.0s
A28: 斩击伤害倍率 | B28: 36% | C28: 40% | D28: 43% | E28: 47% | F28: 50% | G28: 54% | H28: 58% | I28: 61% | J28: 65% | K28: 69% | L28: 75% | M28: 81%
A29: 第一击失衡值 | B29: 15 | C29: 15 | D29: 15 | E29: 15 | F29: 15 | G29: 15 | H29: 15 | I29: 15 | J29: 15 | K29: 15 | L29: 15 | M29: 15
A30: 终结一击伤害倍率 | B30: 455% | C30: 500% | D30: 545% | E30: 591% | F30: 636% | G30: 682% | H30: 727% | I30: 773% | J30: 818% | K30: 875% | L30: 943% | M30: 1023%
A31: 终结一击失衡值 | B31: 20 | C31: 20 | D31: 20 | E31: 20 | F31: 20 | G31: 20 | H31: 20 | I31: 20 | J31: 20 | K31: 20 | L31: 20 | M31: 20
A34: ✦ 【连携技】见天河 (chr_0005_chen_ComboSkill)
A35: 当有敌人进入破防状态时可以发动。进行穿梭斩击，对路径上的所有敌人造成物理伤害和击飞。
A36: 参数名称 | B36: Lv1 | C36: Lv2 | D36: Lv3 | E36: Lv4 | F36: Lv5 | G36: Lv6 | H36: Lv7 | I36: Lv8 | J36: Lv9 | K36: M1 | L36: M2 | M36: M3
A37: 冷却时间 | B37: 16.0s | C37: 16.0s | D37: 16.0s | E37: 16.0s | F37: 16.0s | G37: 16.0s | H37: 16.0s | I37: 16.0s | J37: 16.0s | K37: 16.0s | L37: 16.0s | M37: 15.0s
A38: 伤害倍率 | B38: 120% | C38: 132% | D38: 144% | E38: 156% | F38: 168% | G38: 180% | H38: 192% | I38: 204% | J38: 216% | K38: 231% | L38: 249% | M38: 270%

Sheet 狼卫_技能
A1: ⚔ 狼卫 - 技能数据面板
A3: ✦ 【普通攻击】多重连射 (chr_0006_wolfgd_NormalAttack)
A4: 普通攻击：对敌人进行至多4段攻击，造成灼热伤害。作为主控干员时，重击会造成18点失衡。下落攻击：处于空中时使用普通攻击，会下落并攻击附近敌人，造成灼热伤害。处决攻击：附近有敌人处于失衡状态时使用普通攻击，将处决该敌人，造成大量灼热伤害并恢复一定技力。
A5: 参数名称 | B5: Lv1 | C5: Lv2 | D5: Lv3 | E5: Lv4 | F5: Lv5 | G5: Lv6 | H5: Lv7 | I5: Lv8 | J5: Lv9 | K5: M1 | L5: M2 | M5: M3
A6: 普攻第一段倍率 | B6: 30% | C6: 33% | D6: 36% | E6: 39% | F6: 42% | G6: 45% | H6: 48% | I6: 51% | J6: 54% | K6: 58% | L6: 62% | M6: 68%
A7: 普攻第二段倍率 | B7: 35% | C7: 39% | D7: 42% | E7: 46% | F7: 49% | G7: 53% | H7: 56% | I7: 60% | J7: 63% | K7: 67% | L7: 73% | M7: 79%
A8: 普攻第三段倍率 | B8: 56% | C8: 61% | D8: 67% | E8: 72% | F8: 78% | G8: 83% | H8: 89% | I8: 94% | J8: 100% | K8: 107% | L8: 115% | M8: 125%
A9: 普攻第四段倍率 | B9: 68% | C9: 74% | D9: 81% | E9: 88% | F9: 95% | G9: 101% | H9: 108% | I9: 115% | J9: 122% | K9: 130% | L9: 140% | M9: 152%
A10: 处决攻击倍率 | B10: 400% | C10: 440% | D10: 480% | E10: 520% | F10: 560% | G10: 600% | H10: 640% | I10: 680% | J10: 720% | K10: 770% | L10: 830% | M10: 900%
A11: 下落攻击倍率 | B11: 80% | C11: 88% | D11: 96% | E11: 104% | F11: 112% | G11: 120% | H11: 128% | I11: 136% | J11: 144% | K11: 154% | L11: 166% | M11: 180%
A14: ✦ 【战技】灼热弹痕 (chr_0006_wolfgd_NormalSkill)
A15: 对目标进行连射，造成少量灼热伤害，最后一次射击施加灼热附着。如果目标处于燃烧或导电状态，则不再施加灼热附着，而是消耗该状态并追加一次射击，造成大量灼热伤害。
A16: 参数名称 | B16: Lv1 | C16: Lv2 | D16: Lv3 | E16: Lv4 | F16: Lv5 | G16: Lv6 | H16: Lv7 | I16: Lv8 | J16: Lv9 | K16: M1 | L16: M2 | M16: M3
A17: 伤害倍率 | B17: 102% | C17: 112% | D17: 122% | E17: 133% | F17: 143% | G17: 153% | H17: 163% | I17: 174% | J17: 184% | K17: 196% | L17: 212% | M17: 230%
A18: 失衡值 | B18: 5 | C18: 5 | D18: 5 | E18: 5 | F18: 5 | G18: 5 | H18: 5 | I18: 5 | J18: 5 | K18: 5 | L18: 5 | M18: 5
A19: 追加伤害倍率 | B19: 378% | C19: 415% | D19: 453% | E19: 491% | F19: 529% | G19: 566% | H19: 604% | I19: 642% | J19: 680% | K19: 727% | L19: 784% | M19: 850%
A20: 追加失衡值 | B20: 5 | C20: 5 | D20: 5 | E20: 5 | F20: 5 | G20: 5 | H20: 5 | I20: 5 | J20: 5 | K20: 5 | L20: 5 | M20: 5
A23: ✦ 【终结技】狼之怒 (chr_0006_wolfgd_UltimateSkill)
A24: 进行快速射击并施放狼之怒攻击附近敌人，造成5次灼热伤害并强制施加燃烧。
A25: 参数名称 | B25: Lv1 | C25: Lv2 | D25: Lv3 | E25: Lv4 | F25: Lv5 | G25: Lv6 | H25: Lv7 | I25: Lv8 | J25: Lv9 | K25: M1 | L25: M2 | M25: M3
A26: 所需终结技能量 | B26: 90 | C26: 90 | D26: 90 | E26: 90 | F26: 90 | G26: 90 | H26: 90 | I26: 90 | J26: 90 | K26: 90 | L26: 90 | M26: 90
A27: 冷却时间 | B27: 10.0s | C27: 10.0s | D27: 10.0s | E27: 10.0s | F27: 10.0s | G27: 10.0s | H27: 10.0s | I27: 10.0s | J27: 10.0s | K27: 10.0s | L27: 10.0s | M27: 10.0s
A28: 每段伤害倍率 | B28: 32% | C28: 35% | D28: 38% | E28: 42% | F28: 45% | G28: 48% | H28: 51% | I28: 54% | J28: 58% | K28: 62% | L28: 66% | M28: 72%
A29: 失衡值 | B29: 15 | C29: 15 | D29: 15 | E29: 15 | F29: 15 | G29: 15 | H29: 15 | I29: 15 | J29: 15 | K29: 15 | L29: 15 | M29: 15
A32: ✦ 【连携技】爆裂手雷·β型 (chr_0006_wolfgd_ComboSkill)
A33: 当有敌人被施加法术附着时可以发动。向目标所在位置扔出一颗爆裂手雷，手雷落地后爆炸，对附近范围的敌人造成灼热伤害并施加灼热附着。
A34: 参数名称 | B34: Lv1 | C34: Lv2 | D34: Lv3 | E34: Lv4 | F34: Lv5 | G34: Lv6 | H34: Lv7 | I34: Lv8 | J34: Lv9 | K34: M1 | L34: M2 | M34: M3
A35: 冷却时间 | B35: 20.0s | C35: 20.0s | D35: 20.0s | E35: 20.0s | F35: 20.0s | G35: 20.0s | H35: 20.0s | I35: 20.0s | J35: 20.0s | K35: 20.0s | L35: 20.0s | M35: 19.0s
A36: 伤害倍率 | B36: 60% | C36: 66% | D36: 72% | E36: 78% | F36: 84% | G36: 90% | H36: 96% | I36: 102% | J36: 108% | K36: 116% | L36: 125% | M36: 135%
A37: 失衡值 | B37: 10 | C37: 10 | D37: 10 | E37: 10 | F37: 10 | G37: 10 | H37: 10 | I37: 10 | J37: 10 | K37: 10 | L37: 10 | M37: 10

Sheet 弧光_技能
A1: ⚔ 弧光 - 技能数据面板
A3: ✦ 【普通攻击】循迹逐猎 (chr_0007_ikut_NormalAttack)
A4: 普通攻击：对敌人进行至多5段攻击，造成物理伤害。作为主控干员时，重击会造成16点失衡。下落攻击：处于空中时使用普通攻击，会下落并攻击附近敌人，造成物理伤害。处决攻击：附近有敌人处于失衡状态时使用普通攻击，将处决该敌人，造成大量物理伤害并恢复一定技力。
A5: 参数名称 | B5: Lv1 | C5: Lv2 | D5: Lv3 | E5: Lv4 | F5: Lv5 | G5: Lv6 | H5: Lv7 | I5: Lv8 | J5: Lv9 | K5: M1 | L5: M2 | M5: M3
A6: 普攻第一段倍率 | B6: 10% | C6: 11% | D6: 12% | E6: 13% | F6: 14% | G6: 15% | H6: 16% | I6: 17% | J6: 18% | K6: 19% | L6: 21% | M6: 23%
A7: 普攻第二段倍率 | B7: 13% | C7: 14% | D7: 15% | E7: 16% | F7: 18% | G7: 19% | H7: 20% | I7: 21% | J7: 23% | K7: 24% | L7: 26% | M7: 28%
A8: 普攻第三段倍率 | B8: 26% | C8: 29% | D8: 31% | E8: 34% | F8: 36% | G8: 39% | H8: 42% | I8: 44% | J8: 47% | K8: 50% | L8: 54% | M8: 59%
A9: 普攻第四段倍率 | B9: 36% | C9: 40% | D9: 43% | E9: 47% | F9: 50% | G9: 54% | H9: 58% | I9: 61% | J9: 65% | K9: 69% | L9: 75% | M9: 81%
A10: 普攻第五段倍率 | B10: 48% | C10: 52% | D10: 57% | E10: 62% | F10: 67% | G10: 71% | H10: 76% | I10: 81% | J10: 86% | K10: 91% | L10: 99% | M10: 107%
A11: 处决攻击倍率 | B11: 400% | C11: 440% | D11: 480% | E11: 520% | F11: 560% | G11: 600% | H11: 640% | I11: 680% | J11: 720% | K11: 770% | L11: 830% | M11: 900%
A12: 下落攻击倍率 | B12: 80% | C12: 88% | D12: 96% | E12: 104% | F12: 112% | G12: 120% | H12: 128% | I12: 136% | J12: 144% | K12: 154% | L12: 166% | M12: 180%
A15: ✦ 【战技】疾风迅雷 (chr_0007_ikut_NormalSkill)
A16: 瞬闪至敌人身边进行2次斩击，造成少量物理伤害。若敌人处于导电状态，消耗其导电状态并追加一次攻击，造成电磁伤害，然后恢复一定技力。
A17: 参数名称 | B17: Lv1 | C17: Lv2 | D17: Lv3 | E17: Lv4 | F17: Lv5 | G17: Lv6 | H17: Lv7 | I17: Lv8 | J17: Lv9 | K17: M1 | L17: M2 | M17: M3
A18: 第一段伤害倍率 | B18: 45% | C18: 50% | D18: 54% | E18: 59% | F18: 63% | G18: 68% | H18: 72% | I18: 77% | J18: 81% | K18: 87% | L18: 93% | M18: 101%
A19: 第二段伤害倍率 | B19: 45% | C19: 50% | D19: 54% | E19: 59% | F19: 63% | G19: 68% | H19: 72% | I19: 77% | J19: 81% | K19: 87% | L19: 93% | M19: 101%
A20: 第二段失衡值 | B20: 5 | C20: 5 | D20: 5 | E20: 5 | F20: 5 | G20: 5 | H20: 5 | I20: 5 | J20: 5 | K20: 5 | L20: 5 | M20: 5
A21: 追加伤害倍率 | B21: 180% | C21: 198% | D21: 216% | E21: 234% | F21: 252% | G21: 270% | H21: 288% | I21: 306% | J21: 324% | K21: 347% | L21: 374% | M21: 405%
A22: 追加失衡值 | B22: 5 | C22: 5 | D22: 5 | E22: 5 | F22: 5 | G22: 5 | H22: 5 | I22: 5 | J22: 5 | K22: 5 | L22: 5 | M22: 5
A23: 恢复技力 | B23: 30 | C23: 30 | D23: 30 | E23: 30 | F23: 30 | G23: 35 | H23: 35 | I23: 35 | J23: 35 | K23: 35 | L23: 35 | M23: 40
A26: ✦ 【终结技】轰雷掣电 (chr_0007_ikut_UltimateSkill)
A27: 用电弧包裹自身后向前方冲刺一段距离，对路径上的敌人造成电磁伤害并施加电磁附着。一段时间后，引爆留下的电弧，再次造成电磁伤害，若敌人处于电磁附着状态，则会消耗其电磁附着并强制施加导电。
A28: 参数名称 | B28: Lv1 | C28: Lv2 | D28: Lv3 | E28: Lv4 | F28: Lv5 | G28: Lv6 | H28: Lv7 | I28: Lv8 | J28: Lv9 | K28: M1 | L28: M2 | M28: M3
A29: 所需终结技能量 | B29: 90 | C29: 90 | D29: 90 | E29: 90 | F29: 90 | G29: 90 | H29: 90 | I29: 90 | J29: 90 | K29: 90 | L29: 90 | M29: 90
A30: 冷却时间 | B30: 15.0s | C30: 15.0s | D30: 15.0s | E30: 15.0s | F30: 15.0s | G30: 15.0s | H30: 15.0s | I30: 15.0s | J30: 15.0s | K30: 15.0s | L30: 15.0s | M30: 15.0s
A31: 第一段伤害倍率 | B31: 156% | C31: 171% | D31: 187% | E31: 202% | F31: 218% | G31: 234% | H31: 249% | I31: 265% | J31: 280% | K31: 300% | L31: 323% | M31: 350%
A32: 第一段失衡值 | B32: 7 | C32: 7 | D32: 7 | E32: 7 | F32: 7 | G32: 7 | H32: 7 | I32: 7 | J32: 7 | K32: 10 | L32: 10 | M32: 10
A33: 第二段伤害倍率 | B33: 244% | C33: 269% | D33: 293% | E33: 318% | F33: 342% | G33: 367% | H33: 391% | I33: 415% | J33: 440% | K33: 470% | L33: 507% | M33: 550%
A34: 第二段失衡值 | B34: 7 | C34: 7 | D34: 7 | E34: 7 | F34: 7 | G34: 7 | H34: 7 | I34: 7 | J34: 7 | K34: 10 | L34: 10 | M34: 10
A37: ✦ 【连携技】鸣雷 (chr_0007_ikut_ComboSkill)
A38: 当有敌人进入导电状态或导电状态被消耗后可以发动。瞬闪至敌人身边进行多次斩击，造成物理伤害，并恢复一定技力。
A39: 参数名称 | B39: Lv1 | C39: Lv2 | D39: Lv3 | E39: Lv4 | F39: Lv5 | G39: Lv6 | H39: Lv7 | I39: Lv8 | J39: Lv9 | K39: M1 | L39: M2 | M39: M3
A40: 冷却时间 | B40: 3.0s | C40: 3.0s | D40: 3.0s | E40: 3.0s | F40: 3.0s | G40: 3.0s | H40: 3.0s | I40: 3.0s | J40: 3.0s | K40: 3.0s | L40: 3.0s | M40: 3.0s
A41: 伤害倍率 | B41: 155% | C41: 171% | D41: 186% | E41: 202% | F41: 218% | G41: 233% | H41: 249% | I41: 264% | J41: 280% | K41: 299% | L41: 322% | M41: 350%
A42: 恢复技力 | B42: 8 | C42: 8 | D42: 8 | E42: 8 | F42: 8 | G42: 9 | H42: 9 | I42: 9 | J42: 9 | K42: 10 | L42: 10 | M42: 10
A43: 失衡值 | B43: 5 | C43: 5 | D43: 5 | E43: 5 | F43: 5 | G43: 5 | H43: 5 | I43: 5 | J43: 5 | K43: 5 | L43: 5 | M43: 5

Sheet 余烬_技能
A1: ⚔ 余烬 - 技能数据面板
A3: ✦ 【普通攻击】陷阵剑术 (chr_0009_azrila_NormalAttack)
A4: 普通攻击：对敌人进行至多4段攻击，造成物理伤害。作为主控干员时，重击会造成25点失衡。下落攻击：处于空中时使用普攻，会下落并攻击附近敌人，造成物理伤害。处决攻击：附近有敌人处于失衡状态时使用普通攻击，将处决该敌人，造成大量物理伤害并恢复一定技力。
A5: 参数名称 | B5: Lv1 | C5: Lv2 | D5: Lv3 | E5: Lv4 | F5: Lv5 | G5: Lv6 | H5: Lv7 | I5: Lv8 | J5: Lv9 | K5: M1 | L5: M2 | M5: M3
A6: 普攻第一段倍率 | B6: 38% | C6: 42% | D6: 46% | E6: 50% | F6: 54% | G6: 57% | H6: 61% | I6: 65% | J6: 69% | K6: 74% | L6: 79% | M6: 86%
A7: 普攻第二段倍率 | B7: 54% | C7: 59% | D7: 64% | E7: 70% | F7: 75% | G7: 80% | H7: 86% | I7: 91% | J7: 96% | K7: 103% | L7: 111% | M7: 120%
A8: 普攻第三段倍率 | B8: 66% | C8: 73% | D8: 80% | E8: 86% | F8: 93% | G8: 99% | H8: 106% | I8: 113% | J8: 119% | K8: 128% | L8: 138% | M8: 149%
A9: 普攻第四段倍率 | B9: 82% | C9: 90% | D9: 98% | E9: 106% | F9: 114% | G9: 122% | H9: 131% | I9: 139% | J9: 147% | K9: 157% | L9: 169% | M9: 184%
A10: 处决攻击倍率 | B10: 400% | C10: 440% | D10: 480% | E10: 520% | F10: 560% | G10: 600% | H10: 640% | I10: 680% | J10: 720% | K10: 770% | L10: 830% | M10: 900%
A11: 下落攻击倍率 | B11: 80% | C11: 88% | D11: 96% | E11: 104% | F11: 112% | G11: 120% | H11: 128% | I11: 136% | J11: 144% | K11: 154% | L11: 166% | M11: 180%
A14: ✦ 【战技】进军 (chr_0009_azrila_NormalSkill)
A15: 向前方跃起随后重砸，对扇形范围内的所有敌人造成灼热伤害并倒地。施放过程中若受到过来自敌人的伤害，命中时额外造成一定失衡。
A16: 参数名称 | B16: Lv1 | C16: Lv2 | D16: Lv3 | E16: Lv4 | F16: Lv5 | G16: Lv6 | H16: Lv7 | I16: Lv8 | J16: Lv9 | K16: M1 | L16: M2 | M16: M3
A17: 伤害倍率 | B17: 173% | C17: 191% | D17: 208% | E17: 225% | F17: 243% | G17: 260% | H17: 277% | I17: 295% | J17: 312% | K17: 334% | L17: 360% | M17: 390%
A18: 失衡值 | B18: 10 | C18: 10 | D18: 10 | E18: 10 | F18: 10 | G18: 10 | H18: 10 | I18: 10 | J18: 10 | K18: 10 | L18: 10 | M18: 10
A19: 受击后额外造成失衡值 | B19: 10 | C19: 10 | D19: 10 | E19: 10 | F19: 10 | G19: 10 | H19: 10 | I19: 10 | J19: 10 | K19: 10 | L19: 10 | M19: 10
A22: ✦ 【终结技】重燃誓约 (chr_0009_azrila_UltimateSkill)
A23: 猛击地面，对附近敌人造成灼热伤害，同时使全队获得基于余烬最大生命值的护盾。
A24: 参数名称 | B24: Lv1 | C24: Lv2 | D24: Lv3 | E24: Lv4 | F24: Lv5 | G24: Lv6 | H24: Lv7 | I24: Lv8 | J24: Lv9 | K24: M1 | L24: M2 | M24: M3
A25: 所需终结技能量 | B25: 100 | C25: 100 | D25: 100 | E25: 100 | F25: 100 | G25: 100 | H25: 100 | I25: 100 | J25: 100 | K25: 100 | L25: 100 | M25: 100
A26: 冷却时间 | B26: 20.0s | C26: 20.0s | D26: 20.0s | E26: 20.0s | F26: 20.0s | G26: 20.0s | H26: 20.0s | I26: 20.0s | J26: 20.0s | K26: 20.0s | L26: 20.0s | M26: 20.0s
A27: 伤害倍率 | B27: 289% | C27: 318% | D27: 347% | E27: 376% | F27: 404% | G27: 433% | H27: 462% | I27: 491% | J27: 520% | K27: 556% | L27: 599% | M27: 650%
A28: 失衡值 | B28: 25 | C28: 25 | D28: 25 | E28: 25 | F28: 25 | G28: 25 | H28: 25 | I28: 25 | J28: 25 | K28: 25 | L28: 25 | M28: 25
A29: 护盾转化比例（生命值） | B29: 18% | C29: 18% | D29: 18% | E29: 20% | F29: 20% | G29: 20% | H29: 22% | I29: 22% | J29: 22% | K29: 25% | L29: 25% | M29: 25%
A30: 护盾持续时间（秒） | B30: 10 | C30: 10 | D30: 10 | E30: 10 | F30: 10 | G30: 10 | H30: 10 | I30: 10 | J30: 10 | K30: 10 | L30: 10 | M30: 10
A33: ✦ 【连携技】前线援护 (chr_0009_azrila_ComboSkill)
A34: 主控干员受到攻击后可以发动。向目标敌人跳起并重砸，造成物理伤害和倒地，同时治疗主控干员。意志可以额外提高治疗量。
A35: 参数名称 | B35: Lv1 | C35: Lv2 | D35: Lv3 | E35: Lv4 | F35: Lv5 | G35: Lv6 | H35: Lv7 | I35: Lv8 | J35: Lv9 | K35: M1 | L35: M2 | M35: M3
A36: 冷却时间 | B36: 19.0s | C36: 19.0s | D36: 19.0s | E36: 19.0s | F36: 19.0s | G36: 19.0s | H36: 19.0s | I36: 19.0s | J36: 19.0s | K36: 19.0s | L36: 19.0s | M36: 18.0s
A37: 伤害倍率 | B37: 102% | C37: 112% | D37: 122% | E37: 133% | F37: 143% | G37: 153% | H37: 163% | I37: 173% | J37: 184% | K37: 196% | L37: 212% | M37: 230%
A38: 失衡值 | B38: 10 | C38: 10 | D38: 10 | E38: 10 | F38: 10 | G38: 10 | H38: 10 | I38: 10 | J38: 10 | K38: 10 | L38: 10 | M38: 10
A39: 基础治疗值 | B39: 300 | C39: 360 | D39: 420 | E39: 480 | F39: 510 | G39: 540 | H39: 570 | I39: 600 | J39: 630 | K39: 645 | L39: 660 | M39: 675
A40: 每点意志增加的治疗值 | B40: 0.7 | C40: 0.84 | D40: 0.98 | E40: 1.12 | F40: 1.19 | G40: 1.26 | H40: 1.33 | I40: 1.4 | J40: 1.47 | K40: 1.51 | L40: 1.54 | M40: 1.58

Sheet 赛希_技能
A1: ⚔ 赛希 - 技能数据面板
A3: ✦ 【普通攻击】冷却 (chr_0011_seraph_NormalAttack)
A4: 普通攻击：对敌人进行至多5段攻击，造成寒冷伤害。作为主控干员时，重击会造成15点失衡。下落攻击：处于空中时使用普通攻击，会下落并攻击附近敌人，造成寒冷伤害。处决攻击：附近有敌人处于失衡状态时使用普通攻击，将处决该敌人，造成大量寒冷伤害并恢复一定技力。
A5: 参数名称 | B5: Lv1 | C5: Lv2 | D5: Lv3 | E5: Lv4 | F5: Lv5 | G5: Lv6 | H5: Lv7 | I5: Lv8 | J5: Lv9 | K5: M1 | L5: M2 | M5: M3
A6: 普攻第一段倍率 | B6: 15% | C6: 17% | D6: 18% | E6: 20% | F6: 21% | G6: 23% | H6: 24% | I6: 26% | J6: 27% | K6: 29% | L6: 31% | M6: 34%
A7: 普攻第二段倍率 | B7: 16% | C7: 18% | D7: 19% | E7: 21% | F7: 22% | G7: 24% | H7: 26% | I7: 27% | J7: 29% | K7: 31% | L7: 33% | M7: 36%
A8: 普攻第三段倍率 | B8: 21% | C8: 23% | D8: 25% | E8: 27% | F8: 29% | G8: 32% | H8: 34% | I8: 36% | J8: 38% | K8: 40% | L8: 44% | M8: 47%
A9: 普攻第四段倍率 | B9: 33% | C9: 36% | D9: 40% | E9: 43% | F9: 46% | G9: 50% | H9: 53% | I9: 56% | J9: 59% | K9: 64% | L9: 68% | M9: 74%
A10: 普攻第五段倍率 | B10: 55% | C10: 61% | D10: 66% | E10: 72% | F10: 77% | G10: 83% | H10: 88% | I10: 94% | J10: 99% | K10: 106% | L10: 114% | M10: 124%
A11: 处决攻击倍率 | B11: 400% | C11: 440% | D11: 480% | E11: 520% | F11: 560% | G11: 600% | H11: 640% | I11: 680% | J11: 720% | K11: 770% | L11: 830% | M11: 900%
A12: 下落攻击倍率 | B12: 80% | C12: 88% | D12: 96% | E12: 104% | F12: 112% | G12: 120% | H12: 128% | I12: 136% | J12: 144% | K12: 154% | L12: 166% | M12: 180%
A15: ✦ 【战技】分布式拒绝服务 (chr_0011_seraph_NormalSkill)
A16: 召唤支援晶体在一段时间内环绕主控干员。当主控干员对敌人造成重击后支援晶体为其回复生命值，该效果最多可触发2次。意志可以额外提高治疗量。若触发回复时主控干员生命值已满，则额外对其施加一段时间的法术增幅，该效果无法叠加。
A17: 参数名称 | B17: Lv1 | C17: Lv2 | D17: Lv3 | E17: Lv4 | F17: Lv5 | G17: Lv6 | H17: Lv7 | I17: Lv8 | J17: Lv9 | K17: M1 | L17: M2 | M17: M3
A18: 基础治疗值 | B18: 144 | C18: 173 | D18: 202 | E18: 230 | F18: 245 | G18: 259 | H18: 274 | I18: 288 | J18: 302 | K18: 310 | L18: 317 | M18: 324
A19: 每点意志增加的治疗值 | B19: 0.34 | C19: 0.4 | D19: 0.47 | E19: 0.54 | F19: 0.57 | G19: 0.6 | H19: 0.64 | I19: 0.67 | J19: 0.71 | K19: 0.72 | L19: 0.74 | M19: 0.76
A20: 支援晶体持续时间（秒） | B20: 20 | C20: 20 | D20: 20 | E20: 20 | F20: 20 | G20: 20 | H20: 20 | I20: 20 | J20: 20 | K20: 20 | L20: 20 | M20: 20
A21: 法术增幅效果 | B21: 9% | C21: 9% | D21: 9% | E21: 9% | F21: 9% | G21: 11% | H21: 11% | I21: 11% | J21: 13% | K21: 13% | L21: 13% | M21: 15%
A22: 法术增幅持续时间（秒） | B22: 25 | C22: 25 | D22: 25 | E22: 25 | F22: 25 | G22: 25 | H22: 25 | I22: 25 | J22: 25 | K22: 25 | L22: 25 | M22: 25
A25: ✦ 【终结技】栈溢出 (chr_0011_seraph_UltimateSkill)
A26: 对全队施加一段时间的寒冷增幅和自然增幅，智识可以额外提高该增幅效果。
A27: 参数名称 | B27: Lv1 | C27: Lv2 | D27: Lv3 | E27: Lv4 | F27: Lv5 | G27: Lv6 | H27: Lv7 | I27: Lv8 | J27: Lv9 | K27: M1 | L27: M2 | M27: M3
A28: 所需终结技能量 | B28: 80 | C28: 80 | D28: 80 | E28: 80 | F28: 80 | G28: 80 | H28: 80 | I28: 80 | J28: 80 | K28: 80 | L28: 80 | M28: 80
A29: 冷却时间 | B29: 20.0s | C29: 20.0s | D29: 20.0s | E29: 20.0s | F29: 20.0s | G29: 20.0s | H29: 20.0s | I29: 20.0s | J29: 20.0s | K29: 20.0s | L29: 20.0s | M29: 20.0s
A30: 基础寒冷增幅效果 | B30: 11% | C30: 12% | D30: 13% | E30: 14% | F30: 15% | G30: 16% | H30: 17% | I30: 18% | J30: 19% | K30: 21% | L30: 22% | M30: 24%
A31: 基础自然增幅效果 | B31: 11% | C31: 12% | D31: 13% | E31: 14% | F31: 15% | G31: 16% | H31: 17% | I31: 18% | J31: 19% | K31: 21% | L31: 22% | M31: 24%
A32: 每点智识提升的增幅效果 | B32: 0.014% | C32: 0.015% | D32: 0.016% | E32: 0.018% | F32: 0.019% | G32: 0.02% | H32: 0.022% | I32: 0.023% | J32: 0.024% | K32: 0.026% | L32: 0.028% | M32: 0.03%
A33: 智识提升增幅上限 | B33: 30% | C33: 30% | D33: 30% | E33: 30% | F33: 30% | G33: 30% | H33: 30% | I33: 30% | J33: 30% | K33: 30% | L33: 30% | M33: 36%
A34: 持续时间（秒） | B34: 12 | C34: 12 | D34: 12 | E34: 12 | F34: 12 | G34: 12 | H34: 12 | I34: 12 | J34: 12 | K34: 12 | L34: 12 | M34: 12
A37: ✦ 【连携技】压力测试 (chr_0011_seraph_ComboSkill)
A38: 当支援晶体的生命回复次数耗尽后可以发动。短暂蓄力后将支援晶体丢向敌人，造成寒冷伤害并施加寒冷附着。
A39: 参数名称 | B39: Lv1 | C39: Lv2 | D39: Lv3 | E39: Lv4 | F39: Lv5 | G39: Lv6 | H39: Lv7 | I39: Lv8 | J39: Lv9 | K39: M1 | L39: M2 | M39: M3
A40: 冷却时间 | B40: 8.0s | C40: 8.0s | D40: 8.0s | E40: 8.0s | F40: 8.0s | G40: 8.0s | H40: 8.0s | I40: 8.0s | J40: 8.0s | K40: 8.0s | L40: 8.0s | M40: 7.0s
A41: 伤害倍率 | B41: 200% | C41: 220% | D41: 240% | E41: 260% | F41: 280% | G41: 300% | H41: 320% | I41: 340% | J41: 360% | K41: 385% | L41: 415% | M41: 450%
A42: 失衡值 | B42: 10 | C42: 10 | D42: 10 | E42: 10 | F42: 10 | G42: 10 | H42: 10 | I42: 10 | J42: 10 | K42: 10 | L42: 10 | M42: 10

Sheet 艾维文娜_技能
A1: ⚔ 艾维文娜 - 技能数据面板
A3: ✦ 【普通攻击】雷枪·疾袭 (chr_0012_avywen_NormalAttack)
A4: 普通攻击：对敌人进行至多5段攻击，造成物理伤害。作为主控干员时，重击会造成17点失衡。下落攻击：处于空中时使用普通攻击，会下落并攻击附近敌人，造成物理伤害。处决攻击：附近有敌人处于失衡状态时使用普通攻击，将处决该敌人，造成大量物理伤害并恢复一定技力。
A5: 参数名称 | B5: Lv1 | C5: Lv2 | D5: Lv3 | E5: Lv4 | F5: Lv5 | G5: Lv6 | H5: Lv7 | I5: Lv8 | J5: Lv9 | K5: M1 | L5: M2 | M5: M3
A6: 普攻第一段倍率 | B6: 17% | C6: 18% | D6: 20% | E6: 21% | F6: 23% | G6: 25% | H6: 26% | I6: 28% | J6: 30% | K6: 32% | L6: 34% | M6: 37%
A7: 普攻第二段倍率 | B7: 22% | C7: 24% | D7: 26% | E7: 28% | F7: 30% | G7: 32% | H7: 34% | I7: 37% | J7: 39% | K7: 41% | L7: 45% | M7: 48%
A8: 普攻第三段倍率 | B8: 21% | C8: 23% | D8: 25% | E8: 27% | F8: 29% | G8: 31% | H8: 33% | I8: 35% | J8: 37% | K8: 39% | L8: 43% | M8: 46%
A9: 普攻第四段倍率 | B9: 30% | C9: 33% | D9: 36% | E9: 39% | F9: 42% | G9: 45% | H9: 48% | I9: 51% | J9: 54% | K9: 58% | L9: 62% | M9: 68%
A10: 普攻第五段倍率 | B10: 50% | C10: 55% | D10: 60% | E10: 65% | F10: 70% | G10: 75% | H10: 80% | I10: 85% | J10: 90% | K10: 96% | L10: 104% | M10: 113%
A11: 处决攻击倍率 | B11: 400% | C11: 440% | D11: 480% | E11: 520% | F11: 560% | G11: 600% | H11: 640% | I11: 680% | J11: 720% | K11: 770% | L11: 830% | M11: 900%
A12: 下落攻击倍率 | B12: 80% | C12: 88% | D12: 96% | E12: 104% | F12: 112% | G12: 120% | H12: 128% | I12: 136% | J12: 144% | K12: 154% | L12: 166% | M12: 180%
A15: ✦ 【战技】雷枪·截回 (chr_0012_avywen_NormalSkill)
A16: 跃起后用枪刮起旋风，对周围的敌人造成少量电磁伤害。同时召回全部雷枪、强雷枪。雷枪被召回时若穿过敌人则对其造成电磁伤害。强雷枪造成更高的电磁伤害，还会施加电磁附着。
A17: 参数名称 | B17: Lv1 | C17: Lv2 | D17: Lv3 | E17: Lv4 | F17: Lv5 | G17: Lv6 | H17: Lv7 | I17: Lv8 | J17: Lv9 | K17: M1 | L17: M2 | M17: M3
A18: 伤害倍率 | B18: 67% | C18: 73% | D18: 80% | E18: 87% | F18: 93% | G18: 100% | H18: 107% | I18: 113% | J18: 120% | K18: 128% | L18: 138% | M18: 150%
A19: 失衡值 | B19: 5 | C19: 5 | D19: 5 | E19: 5 | F19: 5 | G19: 5 | H19: 5 | I19: 5 | J19: 5 | K19: 5 | L19: 5 | M19: 5
A20: 雷枪伤害倍率 | B20: 75% | C20: 82% | D20: 90% | E20: 97% | F20: 104% | G20: 112% | H20: 119% | I20: 127% | J20: 134% | K20: 144% | L20: 155% | M20: 168%
A21: 雷枪失衡值 | B21: 5 | C21: 5 | D21: 5 | E21: 5 | F21: 5 | G21: 5 | H21: 5 | I21: 5 | J21: 5 | K21: 5 | L21: 5 | M21: 5
A22: 强雷枪伤害倍率 | B22: 192% | C22: 211% | D22: 230% | E22: 250% | F22: 269% | G22: 288% | H22: 307% | I22: 326% | J22: 346% | K22: 370% | L22: 398% | M22: 432%
A23: 强雷枪失衡值 | B23: 10 | C23: 10 | D23: 10 | E23: 10 | F23: 10 | G23: 10 | H23: 10 | I23: 10 | J23: 10 | K23: 10 | L23: 10 | M23: 10
A26: ✦ 【终结技】雷枪·决颤 (chr_0012_avywen_UltimateSkill)
A27: 向目标区域投下一支强雷枪，对附近敌人造成大量电磁伤害。
A28: 参数名称 | B28: Lv1 | C28: Lv2 | D28: Lv3 | E28: Lv4 | F28: Lv5 | G28: Lv6 | H28: Lv7 | I28: Lv8 | J28: Lv9 | K28: M1 | L28: M2 | M28: M3
A29: 所需终结技能量 | B29: 100 | C29: 100 | D29: 100 | E29: 100 | F29: 100 | G29: 100 | H29: 100 | I29: 100 | J29: 100 | K29: 100 | L29: 100 | M29: 100
A30: 冷却时间 | B30: 10.0s | C30: 10.0s | D30: 10.0s | E30: 10.0s | F30: 10.0s | G30: 10.0s | H30: 10.0s | I30: 10.0s | J30: 10.0s | K30: 10.0s | L30: 10.0s | M30: 10.0s
A31: 伤害倍率 | B31: 422% | C31: 464% | D31: 507% | E31: 549% | F31: 591% | G31: 633% | H31: 675% | I31: 718% | J31: 760% | K31: 813% | L31: 876% | M31: 950%
A32: 失衡值 | B32: 15 | C32: 15 | D32: 15 | E32: 15 | F32: 15 | G32: 15 | H32: 15 | I32: 15 | J32: 15 | K32: 20 | L32: 20 | M32: 20
A33: 强雷枪存在时间（秒） | B33: 30 | C33: 30 | D33: 30 | E33: 30 | F33: 30 | G33: 30 | H33: 30 | I33: 30 | J33: 30 | K33: 30 | L33: 30 | M33: 30
A36: ✦ 【连携技】雷枪·掣击 (chr_0012_avywen_ComboSkill)
A37: 主控干员对处于电磁附着或导电状态的目标进行重击后可以发动。跃起并向目标掷出3支雷枪，并对前方范围内的敌人造成一次电磁伤害。
A38: 参数名称 | B38: Lv1 | C38: Lv2 | D38: Lv3 | E38: Lv4 | F38: Lv5 | G38: Lv6 | H38: Lv7 | I38: Lv8 | J38: Lv9 | K38: M1 | L38: M2 | M38: M3
A39: 冷却时间 | B39: 13.0s | C39: 13.0s | D39: 13.0s | E39: 13.0s | F39: 13.0s | G39: 13.0s | H39: 13.0s | I39: 13.0s | J39: 13.0s | K39: 13.0s | L39: 13.0s | M39: 12.0s
A40: 伤害倍率 | B40: 169% | C40: 186% | D40: 203% | E40: 219% | F40: 236% | G40: 253% | H40: 270% | I40: 287% | J40: 304% | K40: 325% | L40: 350% | M40: 380%
A41: 失衡值 | B41: 10 | C41: 10 | D41: 10 | E41: 10 | F41: 10 | G41: 10 | H41: 10 | I41: 10 | J41: 10 | K41: 10 | L41: 10 | M41: 10
A42: 雷枪存在时间（秒） | B42: 30 | C42: 30 | D42: 30 | E42: 30 | F42: 30 | G42: 30 | H42: 30 | I42: 30 | J42: 30 | K42: 30 | L42: 30 | M42: 30

Sheet 洁尔佩塔_技能
A1: ⚔ 洁尔佩塔 - 技能数据面板
A3: ✦ 【普通攻击】秘杖·束能技艺 (chr_0013_aglina_NormalAttack)
A4: 普通攻击：对敌人进行至多4段攻击，造成自然伤害。作为主控干员时，重击会造成16点失衡。下落攻击：处于空中时使用普通攻击，会下落并攻击附近敌人，造成自然伤害。处决攻击：附近有敌人处于失衡状态时使用普通攻击，将处决该敌人，造成大量自然伤害并恢复一定技力。
A5: 参数名称 | B5: Lv1 | C5: Lv2 | D5: Lv3 | E5: Lv4 | F5: Lv5 | G5: Lv6 | H5: Lv7 | I5: Lv8 | J5: Lv9 | K5: M1 | L5: M2 | M5: M3
A6: 普攻第一段倍率 | B6: 30% | C6: 33% | D6: 36% | E6: 39% | F6: 42% | G6: 45% | H6: 48% | I6: 51% | J6: 54% | K6: 58% | L6: 62% | M6: 68%
A7: 普攻第二段倍率 | B7: 36% | C7: 40% | D7: 43% | E7: 47% | F7: 50% | G7: 54% | H7: 58% | I7: 61% | J7: 65% | K7: 69% | L7: 75% | M7: 81%
A8: 普攻第三段倍率 | B8: 41% | C8: 45% | D8: 49% | E8: 53% | F8: 57% | G8: 61% | H8: 65% | I8: 69% | J8: 73% | K8: 78% | L8: 84% | M8: 91%
A9: 普攻第四段倍率 | B9: 50% | C9: 55% | D9: 60% | E9: 65% | F9: 70% | G9: 75% | H9: 80% | I9: 85% | J9: 90% | K9: 96% | L9: 104% | M9: 112%
A10: 处决攻击倍率 | B10: 400% | C10: 440% | D10: 480% | E10: 520% | F10: 560% | G10: 600% | H10: 640% | I10: 680% | J10: 720% | K10: 770% | L10: 830% | M10: 900%
A11: 下落攻击倍率 | B11: 80% | C11: 88% | D11: 96% | E11: 104% | F11: 112% | G11: 120% | H11: 128% | I11: 136% | J11: 144% | K11: 154% | L11: 166% | M11: 180%
A14: ✦ 【战技】秘杖·引力模式 (chr_0013_aglina_NormalSkill)
A15: 进入持续施法状态，在前方产生重力奇点。重力奇点会持续吸引附近的敌人并对其造成自然伤害。施法结束时重力奇点会爆炸，对范围内的敌人造成自然伤害并施加自然附着。
A16: 参数名称 | B16: Lv1 | C16: Lv2 | D16: Lv3 | E16: Lv4 | F16: Lv5 | G16: Lv6 | H16: Lv7 | I16: Lv8 | J16: Lv9 | K16: M1 | L16: M2 | M16: M3
A17: 牵引伤害倍率 | B17: 97% | C17: 107% | D17: 117% | E17: 126% | F17: 136% | G17: 146% | H17: 156% | I17: 165% | J17: 175% | K17: 187% | L17: 202% | M17: 219%
A18: 爆炸伤害倍率 | B18: 58% | C18: 63% | D18: 69% | E18: 75% | F18: 81% | G18: 86% | H18: 92% | I18: 98% | J18: 104% | K18: 111% | L18: 120% | M18: 130%
A19: 爆炸失衡值 | B19: 10 | C19: 10 | D19: 10 | E19: 10 | F19: 10 | G19: 10 | H19: 10 | I19: 10 | J19: 10 | K19: 10 | L19: 10 | M19: 10
A22: ✦ 【终结技】秘杖·重力场 (chr_0013_aglina_UltimateSkill)
A23: 创造一个重力紊乱区域，对区域内的敌人立即造成一次自然伤害并施加自然附着。处于重力紊乱区域中的目标被施加缓速和法术脆弱。目标处于破防状态时，法术脆弱效果会随破防层数额外提升。区域内的目标若处于击飞状态，将保持击飞状态直到区域效果结束。
A24: 参数名称 | B24: Lv1 | C24: Lv2 | D24: Lv3 | E24: Lv4 | F24: Lv5 | G24: Lv6 | H24: Lv7 | I24: Lv8 | J24: Lv9 | K24: M1 | L24: M2 | M24: M3
A25: 所需终结技能量 | B25: 90 | C25: 90 | D25: 90 | E25: 90 | F25: 90 | G25: 90 | H25: 90 | I25: 90 | J25: 90 | K25: 90 | L25: 90 | M25: 90
A26: 冷却时间 | B26: 20.0s | C26: 20.0s | D26: 20.0s | E26: 20.0s | F26: 20.0s | G26: 20.0s | H26: 20.0s | I26: 20.0s | J26: 20.0s | K26: 20.0s | L26: 20.0s | M26: 20.0s
A27: 伤害倍率 | B27: 333% | C27: 367% | D27: 400% | E27: 433% | F27: 467% | G27: 500% | H27: 534% | I27: 567% | J27: 600% | K27: 642% | L27: 692% | M27: 750%
A28: 失衡值 | B28: 20 | C28: 20 | D28: 20 | E28: 20 | F28: 20 | G28: 20 | H28: 20 | I28: 20 | J28: 20 | K28: 20 | L28: 20 | M28: 20
A29: 力场持续时间（秒） | B29: 5 | C29: 5 | D29: 5 | E29: 5 | F29: 5 | G29: 5 | H29: 5 | I29: 5 | J29: 5 | K29: 5 | L29: 5 | M29: 5
A30: 缓速效果 | B30: 80% | C30: 80% | D30: 80% | E30: 80% | F30: 80% | G30: 80% | H30: 80% | I30: 80% | J30: 80% | K30: 80% | L30: 80% | M30: 80%
A31: 基础法术脆弱效果 | B31: 18% | C31: 18% | D31: 18% | E31: 22% | F31: 22% | G31: 22% | H31: 26% | I31: 26% | J31: 26% | K31: 30% | L31: 30% | M31: 30%
A32: 每层破防提升法术脆弱 | B32: 1.8% | C32: 1.8% | D32: 1.8% | E32: 2.2% | F32: 2.2% | G32: 2.2% | H32: 2.6% | I32: 2.6% | J32: 2.6% | K32: 3% | L32: 3% | M32: 3%
A35: ✦ 【连携技】秘杖·矩阵位移 (chr_0013_aglina_ComboSkill)
A36: 当有敌人被施加法术异常时可以发动。短暂施法后使目标及附近敌人全部受到重力牵引，对其造成自然伤害并强制造成击飞。
A37: 参数名称 | B37: Lv1 | C37: Lv2 | D37: Lv3 | E37: Lv4 | F37: Lv5 | G37: Lv6 | H37: Lv7 | I37: Lv8 | J37: Lv9 | K37: M1 | L37: M2 | M37: M3
A38: 冷却时间 | B38: 20.0s | C38: 20.0s | D38: 20.0s | E38: 20.0s | F38: 20.0s | G38: 20.0s | H38: 20.0s | I38: 20.0s | J38: 20.0s | K38: 20.0s | L38: 20.0s | M38: 19.0s
A39: 伤害倍率 | B39: 140% | C39: 154% | D39: 168% | E39: 182% | F39: 196% | G39: 210% | H39: 224% | I39: 238% | J39: 252% | K39: 270% | L39: 291% | M39: 315%
A40: 失衡值 | B40: 5 | C40: 5 | D40: 5 | E40: 5 | F40: 5 | G40: 5 | H40: 5 | I40: 5 | J40: 5 | K40: 5 | L40: 5 | M40: 5

Sheet 昼雪_技能
A1: ⚔ 昼雪 - 技能数据面板
A3: ✦ 【普通攻击】失温猛击 (chr_0014_aurora_NormalAttack)
A4: 普通攻击：对敌人进行至多3段攻击，造成物理伤害。作为主控干员时，重击会造成23点失衡。下落攻击：处于空中时使用普通攻击，会下落并攻击附近敌人，造成物理伤害。处决攻击：附近有失衡敌人时使用普通攻击，将处决该敌人，造成大量物理伤害并恢复一定技力。
A5: 参数名称 | B5: Lv1 | C5: Lv2 | D5: Lv3 | E5: Lv4 | F5: Lv5 | G5: Lv6 | H5: Lv7 | I5: Lv8 | J5: Lv9 | K5: M1 | L5: M2 | M5: M3
A6: 普攻第一段倍率 | B6: 55% | C6: 61% | D6: 66% | E6: 72% | F6: 77% | G6: 83% | H6: 88% | I6: 94% | J6: 99% | K6: 106% | L6: 114% | M6: 124%
A7: 普攻第二段倍率 | B7: 59% | C7: 64% | D7: 70% | E7: 76% | F7: 82% | G7: 88% | H7: 94% | I7: 99% | J7: 105% | K7: 113% | L7: 121% | M7: 132%
A8: 普攻第三段倍率 | B8: 100% | C8: 110% | D8: 120% | E8: 130% | F8: 140% | G8: 150% | H8: 160% | I8: 170% | J8: 180% | K8: 193% | L8: 208% | M8: 225%
A9: 处决攻击倍率 | B9: 400% | C9: 440% | D9: 480% | E9: 520% | F9: 560% | G9: 600% | H9: 640% | I9: 680% | J9: 720% | K9: 770% | L9: 830% | M9: 900%
A10: 下落攻击倍率 | B10: 80% | C10: 88% | D10: 96% | E10: 104% | F10: 112% | G10: 120% | H10: 128% | I10: 136% | J10: 144% | K10: 154% | L10: 166% | M10: 180%
A13: ✦ 【战技】饱和性防御 (chr_0014_aurora_NormalSkill)
A14: 架起盾牌格挡攻击，使自身及周围干员获得庇护，并立即返还一定技力。若在立盾期间受到攻击，则发动一次反击，尝试对攻击者造成寒冷伤害，并施加寒冷附着。
A15: 参数名称 | B15: Lv1 | C15: Lv2 | D15: Lv3 | E15: Lv4 | F15: Lv5 | G15: Lv6 | H15: Lv7 | I15: Lv8 | J15: Lv9 | K15: M1 | L15: M2 | M15: M3
A16: 伤害倍率 | B16: 200% | C16: 220% | D16: 240% | E16: 260% | F16: 280% | G16: 300% | H16: 320% | I16: 340% | J16: 360% | K16: 385% | L16: 415% | M16: 450%
A17: 失衡值 | B17: 20 | C17: 20 | D17: 20 | E17: 20 | F17: 20 | G17: 20 | H17: 20 | I17: 20 | J17: 20 | K17: 20 | L17: 20 | M17: 20
A18: 庇护效果 | B18: 90% | C18: 90% | D18: 90% | E18: 90% | F18: 90% | G18: 90% | H18: 90% | I18: 90% | J18: 90% | K18: 90% | L18: 90% | M18: 90%
A19: 返还技力 | B19: 30 | C19: 30 | D19: 30 | E19: 30 | F19: 30 | G19: 30 | H19: 30 | I19: 30 | J19: 30 | K19: 30 | L19: 30 | M19: 30
A22: ✦ 【终结技】凛冽寒霜 (chr_0014_aurora_UltimateSkill)
A23: 借助喷气装置跳起并朝前砸下盾牌，对范围内的敌人造成大量寒冷伤害，并生成一个持续数秒的冰雪地带持续对敌人造成寒冷伤害。敌人身处冰雪地带内一段时间后将被强制冻结。
A24: 参数名称 | B24: Lv1 | C24: Lv2 | D24: Lv3 | E24: Lv4 | F24: Lv5 | G24: Lv6 | H24: Lv7 | I24: Lv8 | J24: Lv9 | K24: M1 | L24: M2 | M24: M3
A25: 所需终结技能量 | B25: 80 | C25: 80 | D25: 80 | E25: 80 | F25: 80 | G25: 80 | H25: 80 | I25: 80 | J25: 80 | K25: 80 | L25: 80 | M25: 80
A26: 冷却时间 | B26: 20.0s | C26: 20.0s | D26: 20.0s | E26: 20.0s | F26: 20.0s | G26: 20.0s | H26: 20.0s | I26: 20.0s | J26: 20.0s | K26: 20.0s | L26: 20.0s | M26: 20.0s
A27: 爆炸伤害倍率 | B27: 200% | C27: 220% | D27: 240% | E27: 260% | F27: 280% | G27: 300% | H27: 320% | I27: 340% | J27: 360% | K27: 385% | L27: 415% | M27: 450%
A28: 失衡值 | B28: 15 | C28: 15 | D28: 15 | E28: 15 | F28: 15 | G28: 15 | H28: 15 | I28: 15 | J28: 15 | K28: 20 | L28: 20 | M28: 20
A29: 持续伤害倍率 | B29: 29% | C29: 32% | D29: 35% | E29: 37% | F29: 40% | G29: 43% | H29: 46% | I29: 49% | J29: 52% | K29: 55% | L29: 60% | M29: 65%
A30: 持续伤害间隔（秒） | B30: 0.5 | C30: 0.5 | D30: 0.5 | E30: 0.5 | F30: 0.5 | G30: 0.5 | H30: 0.5 | I30: 0.5 | J30: 0.5 | K30: 0.5 | L30: 0.5 | M30: 0.5
A31: 持续时间（秒） | B31: 5 | C31: 5 | D31: 5 | E31: 5 | F31: 5 | G31: 5 | H31: 5 | I31: 5 | J31: 5 | K31: 5 | L31: 5 | M31: 5
A34: ✦ 【连携技】极地救援 (chr_0014_aurora_ComboSkill)
A35: 当主控干员受到攻击后，如果生命值低于60%可以发动。昼雪对其丢出雪地救援助理，触碰到目标时立即大量治疗附近的干员，并在接下来一段时间内对范围内的干员持续提供治疗。意志可以额外提高治疗量。
A36: 参数名称 | B36: Lv1 | C36: Lv2 | D36: Lv3 | E36: Lv4 | F36: Lv5 | G36: Lv6 | H36: Lv7 | I36: Lv8 | J36: Lv9 | K36: M1 | L36: M2 | M36: M3
A37: 冷却时间 | B37: 25.0s | C37: 25.0s | D37: 25.0s | E37: 25.0s | F37: 25.0s | G37: 25.0s | H37: 25.0s | I37: 25.0s | J37: 24.0s | K37: 24.0s | L37: 24.0s | M37: 23.0s
A38: 初始治疗基础值 | B38: 96 | C38: 115 | D38: 134 | E38: 154 | F38: 163 | G38: 173 | H38: 182 | I38: 192 | J38: 202 | K38: 206 | L38: 211 | M38: 216
A39: 每点意志增加的初始治疗值 | B39: 0.22 | C39: 0.27 | D39: 0.31 | E39: 0.36 | F39: 0.38 | G39: 0.4 | H39: 0.43 | I39: 0.45 | J39: 0.47 | K39: 0.48 | L39: 0.49 | M39: 0.5
A40: 持续治疗基础值 | B40: 24 | C40: 29 | D40: 34 | E40: 38 | F40: 41 | G40: 43 | H40: 46 | I40: 48 | J40: 50 | K40: 52 | L40: 53 | M40: 54
A41: 每点意志增加的持续治疗值 | B41: 0.06 | C41: 0.07 | D41: 0.08 | E41: 0.09 | F41: 0.1 | G41: 0.1 | H41: 0.11 | I41: 0.11 | J41: 0.12 | K41: 0.12 | L41: 0.12 | M41: 0.13
A42: 持续治疗间隔（秒） | B42: 0.5 | C42: 0.5 | D42: 0.5 | E42: 0.5 | F42: 0.5 | G42: 0.5 | H42: 0.5 | I42: 0.5 | J42: 0.5 | K42: 0.5 | L42: 0.5 | M42: 0.5
A43: 持续时间（秒） | B43: 3 | C43: 3 | D43: 3 | E43: 3 | F43: 3 | G43: 3 | H43: 3 | I43: 3 | J43: 3 | K43: 3 | L43: 3 | M43: 3

Sheet 黎风_技能
A1: ⚔ 黎风 - 技能数据面板
A3: ✦ 【普通攻击】摧破 (chr_0015_lifeng_NormalAttack)
A4: 普通攻击：对敌人进行至多4段攻击，造成物理伤害。作为主控干员时，重击会造成19点失衡。下落攻击：处于空中时使用普通攻击，会下落并攻击附近敌人，造成物理伤害。处决攻击：附近有敌人处于失衡状态时使用普通攻击，将处决该敌人，造成大量物理伤害并恢复一定技力。
A5: 参数名称 | B5: Lv1 | C5: Lv2 | D5: Lv3 | E5: Lv4 | F5: Lv5 | G5: Lv6 | H5: Lv7 | I5: Lv8 | J5: Lv9 | K5: M1 | L5: M2 | M5: M3
A6: 普攻第一段倍率 | B6: 24% | C6: 27% | D6: 29% | E6: 32% | F6: 34% | G6: 36% | H6: 39% | I6: 41% | J6: 44% | K6: 47% | L6: 50% | M6: 55%
A7: 普攻第二段倍率 | B7: 29% | C7: 32% | D7: 35% | E7: 38% | F7: 41% | G7: 44% | H7: 47% | I7: 49% | J7: 52% | K7: 56% | L7: 60% | M7: 65%
A8: 普攻第三段倍率 | B8: 35% | C8: 39% | D8: 42% | E8: 46% | F8: 49% | G8: 53% | H8: 56% | I8: 60% | J8: 63% | K8: 67% | L8: 73% | M8: 79%
A9: 普攻第四段倍率 | B9: 68% | C9: 74% | D9: 81% | E9: 88% | F9: 95% | G9: 101% | H9: 108% | I9: 115% | J9: 122% | K9: 130% | L9: 140% | M9: 152%
A10: 处决攻击倍率 | B10: 400% | C10: 440% | D10: 480% | E10: 520% | F10: 560% | G10: 600% | H10: 640% | I10: 680% | J10: 720% | K10: 770% | L10: 830% | M10: 900%
A11: 下落攻击倍率 | B11: 80% | C11: 88% | D11: 96% | E11: 104% | F11: 112% | G11: 120% | H11: 128% | I11: 136% | J11: 144% | K11: 154% | L11: 166% | M11: 180%
A14: ✦ 【战技】荡浊身 (chr_0015_lifeng_NormalSkill)
A15: 连续向前挥枪，造成2次物理伤害，之后重砸地面，再次对前方所有敌人造成物理伤害并造成倒地。最后一击命中的敌人若不处于破防状态，则额外对其施加物理脆弱。
A16: 参数名称 | B16: Lv1 | C16: Lv2 | D16: Lv3 | E16: Lv4 | F16: Lv5 | G16: Lv6 | H16: Lv7 | I16: Lv8 | J16: Lv9 | K16: M1 | L16: M2 | M16: M3
A17: 第一段伤害倍率 | B17: 38% | C17: 42% | D17: 46% | E17: 50% | F17: 53% | G17: 57% | H17: 61% | I17: 65% | J17: 69% | K17: 73% | L17: 79% | M17: 86%
A18: 第二段伤害倍率 | B18: 38% | C18: 42% | D18: 46% | E18: 50% | F18: 53% | G18: 57% | H18: 61% | I18: 65% | J18: 69% | K18: 73% | L18: 79% | M18: 86%
A19: 第三段伤害倍率 | B19: 119% | C19: 131% | D19: 143% | E19: 155% | F19: 167% | G19: 178% | H19: 190% | I19: 202% | J19: 214% | K19: 229% | L19: 247% | M19: 268%
A20: 第三段失衡值 | B20: 10 | C20: 10 | D20: 10 | E20: 10 | F20: 10 | G20: 10 | H20: 10 | I20: 10 | J20: 10 | K20: 10 | L20: 10 | M20: 10
A21: 物理脆弱效果 | B21: 5% | C21: 5% | D21: 5% | E21: 5% | F21: 5% | G21: 7% | H21: 7% | I21: 7% | J21: 9% | K21: 10% | L21: 10% | M21: 12%
A22: 物理脆弱持续时间（秒） | B22: 12 | C22: 12 | D22: 12 | E22: 12 | F22: 12 | G22: 12 | H22: 12 | I22: 12 | J22: 12 | K22: 12 | L22: 12 | M22: 12
A25: ✦ 【终结技】不动心 (chr_0015_lifeng_UltimateSkill)
A26: 施放身外身，使用不动杵重砸前方地面，对大范围内的所有敌人造成物理伤害并造成倒地，然后将所有敌人聚拢至中心。一段时间后，对仍然留在砸地范围内的所有敌人再次造成大量物理伤害并造成倒地。若该技能消耗了连击，则会追加大量物理伤害。
A27: 参数名称 | B27: Lv1 | C27: Lv2 | D27: Lv3 | E27: Lv4 | F27: Lv5 | G27: Lv6 | H27: Lv7 | I27: Lv8 | J27: Lv9 | K27: M1 | L27: M2 | M27: M3
A28: 所需终结技能量 | B28: 90 | C28: 90 | D28: 90 | E28: 90 | F28: 90 | G28: 90 | H28: 90 | I28: 90 | J28: 90 | K28: 90 | L28: 90 | M28: 90
A29: 冷却时间 | B29: 15.0s | C29: 15.0s | D29: 15.0s | E29: 15.0s | F29: 15.0s | G29: 15.0s | H29: 15.0s | I29: 15.0s | J29: 15.0s | K29: 15.0s | L29: 15.0s | M29: 15.0s
A30: 第一段伤害倍率 | B30: 178% | C30: 196% | D30: 213% | E30: 231% | F30: 249% | G30: 267% | H30: 284% | I30: 302% | J30: 320% | K30: 342% | L30: 369% | M30: 400%
A31: 第一段失衡值 | B31: 5 | C31: 5 | D31: 5 | E31: 5 | F31: 5 | G31: 5 | H31: 5 | I31: 5 | J31: 5 | K31: 5 | L31: 5 | M31: 5
A32: 第二段伤害倍率 | B32: 178% | C32: 196% | D32: 213% | E32: 231% | F32: 249% | G32: 267% | H32: 284% | I32: 302% | J32: 320% | K32: 342% | L32: 369% | M32: 400%
A33: 第二段失衡值 | B33: 5 | C33: 5 | D33: 5 | E33: 5 | F33: 5 | G33: 5 | H33: 5 | I33: 5 | J33: 5 | K33: 5 | L33: 5 | M33: 5
A34: 追加伤害倍率 | B34: 267% | C34: 294% | D34: 320% | E34: 347% | F34: 374% | G34: 400% | H34: 427% | I34: 454% | J34: 480% | K34: 514% | L34: 554% | M34: 600%
A35: 追加失衡值 | B35: 5 | C35: 5 | D35: 5 | E35: 5 | F35: 5 | G35: 5 | H35: 5 | I35: 5 | J35: 5 | K35: 5 | L35: 5 | M35: 5
A38: ✦ 【连携技】忿怒相 (chr_0015_lifeng_ComboSkill)
A39: 当处于物理脆弱或碎甲状态的敌人受到主控干员重击后可以发动。施放身外身以长枪突刺，造成物理伤害，并且获得连击。
A40: 参数名称 | B40: Lv1 | C40: Lv2 | D40: Lv3 | E40: Lv4 | F40: Lv5 | G40: Lv6 | H40: Lv7 | I40: Lv8 | J40: Lv9 | K40: M1 | L40: M2 | M40: M3
A41: 冷却时间 | B41: 16.0s | C41: 16.0s | D41: 16.0s | E41: 16.0s | F41: 16.0s | G41: 16.0s | H41: 16.0s | I41: 16.0s | J41: 16.0s | K41: 16.0s | L41: 16.0s | M41: 15.0s
A42: 第一段伤害倍率 | B42: 47% | C42: 51% | D42: 56% | E42: 61% | F42: 65% | G42: 70% | H42: 75% | I42: 79% | J42: 84% | K42: 90% | L42: 97% | M42: 105%
A43: 第二段伤害倍率 | B43: 167% | C43: 183% | D43: 200% | E43: 217% | F43: 233% | G43: 250% | H43: 267% | I43: 283% | J43: 300% | K43: 321% | L43: 346% | M43: 375%
A44: 第二段失衡值 | B44: 10 | C44: 10 | D44: 10 | E44: 10 | F44: 10 | G44: 10 | H44: 10 | I44: 10 | J44: 10 | K44: 10 | L44: 10 | M44: 10
A45: 连击持续时间（秒） | B45: 20 | C45: 20 | D45: 20 | E45: 20 | F45: 20 | G45: 20 | H45: 20 | I45: 20 | J45: 20 | K45: 20 | L45: 20 | M45: 20

Sheet 莱万汀_技能
A1: ⚔ 莱万汀 - 技能数据面板
A3: ✦ 【普通攻击】燃烬 (chr_0016_laevat_NormalAttack)
A4: 普通攻击：对敌人进行至多5段攻击，造成灼热伤害。作为主控干员时，重击会造成18点失衡。下落攻击：处于空中时使用普通攻击，会下落并攻击附近敌人，造成灼热伤害。处决攻击：附近有敌人处于失衡状态时使用普通攻击，将处决该敌人，造成大量灼热伤害并恢复一定技力。
A5: 参数名称 | B5: Lv1 | C5: Lv2 | D5: Lv3 | E5: Lv4 | F5: Lv5 | G5: Lv6 | H5: Lv7 | I5: Lv8 | J5: Lv9 | K5: M1 | L5: M2 | M5: M3
A6: 普攻第一段倍率 | B6: 16% | C6: 18% | D6: 19% | E6: 21% | F6: 22% | G6: 24% | H6: 26% | I6: 27% | J6: 29% | K6: 31% | L6: 33% | M6: 36%
A7: 普攻第二段倍率 | B7: 24% | C7: 26% | D7: 29% | E7: 31% | F7: 34% | G7: 36% | H7: 38% | I7: 41% | J7: 43% | K7: 46% | L7: 50% | M7: 54%
A8: 普攻第三段倍率 | B8: 25% | C8: 28% | D8: 30% | E8: 33% | F8: 35% | G8: 38% | H8: 40% | I8: 43% | J8: 45% | K8: 48% | L8: 52% | M8: 56%
A9: 普攻第四段倍率 | B9: 39% | C9: 43% | D9: 47% | E9: 51% | F9: 55% | G9: 59% | H9: 62% | I9: 66% | J9: 70% | K9: 75% | L9: 81% | M9: 88%
A10: 普攻第五段倍率 | B10: 53% | C10: 58% | D10: 64% | E10: 69% | F10: 74% | G10: 80% | H10: 85% | I10: 90% | J10: 95% | K10: 102% | L10: 110% | M10: 119%
A11: 处决攻击倍率 | B11: 400% | C11: 440% | D11: 480% | E11: 520% | F11: 560% | G11: 600% | H11: 640% | I11: 680% | J11: 720% | K11: 770% | L11: 830% | M11: 900%
A12: 下落攻击倍率 | B12: 80% | C12: 88% | D12: 96% | E12: 104% | F12: 112% | G12: 120% | H12: 128% | I12: 136% | J12: 144% | K12: 154% | L12: 166% | M12: 180%
A15: ✦ 【战技】焚灭 (chr_0016_laevat_NormalSkill)
A16: 召唤熔核碎片持续攻击前方敌人，造成灼热伤害。如果命中敌人，会获得1层熔火。 如果施放时已拥有4层熔火，则最后会消耗所有层数，对大范围内敌人追加1次攻击，造成灼热伤害并强制施加短暂的燃烧。 追加攻击命中敌人会额外获得终结技能量。终结技期间，战技效果增强。
A17: 参数名称 | B17: Lv1 | C17: Lv2 | D17: Lv3 | E17: Lv4 | F17: Lv5 | G17: Lv6 | H17: Lv7 | I17: Lv8 | J17: Lv9 | K17: M1 | L17: M2 | M17: M3
A18: 初始爆炸伤害倍率 | B18: 62% | C18: 68% | D18: 75% | E18: 81% | F18: 87% | G18: 93% | H18: 99% | I18: 106% | J18: 112% | K18: 120% | L18: 129% | M18: 140%
A19: 初始爆炸失衡值 | B19: 10 | C19: 10 | D19: 10 | E19: 10 | F19: 10 | G19: 10 | H19: 10 | I19: 10 | J19: 10 | K19: 10 | L19: 10 | M19: 10
A20: 持续伤害每段倍率 | B20: 6% | C20: 7% | D20: 8% | E20: 8% | F20: 9% | G20: 9% | H20: 10% | I20: 11% | J20: 11% | K20: 12% | L20: 13% | M20: 14%
A21: 追加伤害倍率 | B21: 342% | C21: 376% | D21: 410% | E21: 445% | F21: 479% | G21: 513% | H21: 547% | I21: 581% | J21: 616% | K21: 658% | L21: 710% | M21: 770%
A22: 追加失衡值 | B22: 10 | C22: 10 | D22: 10 | E22: 10 | F22: 10 | G22: 10 | H22: 10 | I22: 10 | J22: 10 | K22: 10 | L22: 10 | M22: 10
A23: 燃烧时长（秒） | B23: 5 | C23: 5 | D23: 5 | E23: 5 | F23: 5 | G23: 5 | H23: 5 | I23: 5 | J23: 5 | K23: 5 | L23: 5 | M23: 5
A24: 追加攻击获得终结技能量 | B24: 100 | C24: 100 | D24: 100 | E24: 100 | F24: 100 | G24: 100 | H24: 100 | I24: 100 | J24: 100 | K24: 100 | L24: 100 | M24: 100
A25: 终结技期间第一段倍率 | B25: 147% | C25: 161% | D25: 176% | E25: 191% | F25: 205% | G25: 220% | H25: 235% | I25: 249% | J25: 264% | K25: 282% | L25: 304% | M25: 330%
A26: 终结技期间第一段失衡值 | B26: 10 | C26: 10 | D26: 10 | E26: 10 | F26: 10 | G26: 10 | H26: 10 | I26: 10 | J26: 10 | K26: 10 | L26: 10 | M26: 10
A27: 终结技期间第二段倍率 | B27: 164% | C27: 181% | D27: 197% | E27: 214% | F27: 230% | G27: 247% | H27: 263% | I27: 279% | J27: 296% | K27: 316% | L27: 341% | M27: 370%
A28: 终结技期间第二段失衡值 | B28: 10 | C28: 10 | D28: 10 | E28: 10 | F28: 10 | G28: 10 | H28: 10 | I28: 10 | J28: 10 | K28: 10 | L28: 10 | M28: 10
... A31: 终结技期间燃烧时长（秒） | B31: 5 | C31: 5 | D31: 5 | E31: 5 | F31: 5 | G31: 5 | H31: 5 | I31: 5 | J31: 5 | K31: 5 | L31: 5 | M31: 5
A34: ✦ 【终结技】黄昏 (chr_0016_laevat_UltimateSkill)
A35: 召唤烈焰魔剑并切换为主控角色。一段时间内，普通攻击得到强化，烈焰魔剑会协同莱万汀发动攻击，每次攻击造成灼热伤害。此外，普通攻击第3段会施加灼热附着。
A36: 参数名称 | B36: Lv1 | C36: Lv2 | D36: Lv3 | E36: Lv4 | F36: Lv5 | G36: Lv6 | H36: Lv7 | I36: Lv8 | J36: Lv9 | K36: M1 | L36: M2 | M36: M3
A37: 所需终结技能量 | B37: 300 | C37: 300 | D37: 300 | E37: 300 | F37: 300 | G37: 300 | H37: 300 | I37: 300 | J37: 300 | K37: 300 | L37: 300 | M37: 300
A38: 冷却时间 | B38: 10.0s | C38: 10.0s | D38: 10.0s | E38: 10.0s | F38: 10.0s | G38: 10.0s | H38: 10.0s | I38: 10.0s | J38: 10.0s | K38: 10.0s | L38: 10.0s | M38: 10.0s
A39: 持续时间（秒） | B39: 15 | C39: 15 | D39: 15 | E39: 15 | F39: 15 | G39: 15 | H39: 15 | I39: 15 | J39: 15 | K39: 15 | L39: 15 | M39: 15
A40: 强化普攻第一段倍率 | B40: 65% | C40: 71% | D40: 78% | E40: 84% | F40: 91% | G40: 97% | H40: 104% | I40: 110% | J40: 117% | K40: 125% | L40: 134% | M40: 146%
A41: 强化普攻第二段倍率 | B41: 81% | C41: 89% | D41: 97% | E41: 105% | F41: 113% | G41: 122% | H41: 130% | I41: 138% | J41: 146% | K41: 156% | L41: 168% | M41: 182%
A42: 强化普攻第三段倍率 | B42: 115% | C42: 127% | D42: 139% | E42: 150% | F42: 162% | G42: 173% | H42: 185% | I42: 196% | J42: 208% | K42: 222% | L42: 240% | M42: 260%
A43: 强化普攻第四段倍率 | B43: 203% | C43: 223% | D43: 243% | E43: 263% | F43: 284% | G43: 304% | H43: 324% | I43: 344% | J43: 365% | K43: 390% | L43: 420% | M43: 456%
A46: ✦ 【连携技】沸腾 (chr_0016_laevat_ComboSkill)
A47: 当有敌人进入燃烧或腐蚀状态时可以发动。让所有处于燃烧或腐蚀状态的敌人脚下喷出火焰，对其造成灼热伤害。如果命中敌人，会获得1层熔火。每命中1个敌人，还会额外获得终结技能量。
A48: 参数名称 | B48: Lv1 | C48: Lv2 | D48: Lv3 | E48: Lv4 | F48: Lv5 | G48: Lv6 | H48: Lv7 | I48: Lv8 | J48: Lv9 | K48: M1 | L48: M2 | M48: M3
A49: 冷却时间 | B49: 10.0s | C49: 10.0s | D49: 10.0s | E49: 10.0s | F49: 10.0s | G49: 10.0s | H49: 10.0s | I49: 10.0s | J49: 10.0s | K49: 10.0s | L49: 10.0s | M49: 9.0s
A50: 伤害倍率 | B50: 240% | C50: 264% | D50: 288% | E50: 312% | F50: 336% | G50: 360% | H50: 384% | I50: 408% | J50: 432% | K50: 462% | L50: 498% | M50: 540%
A51: 失衡值 | B51: 10 | C51: 10 | D51: 10 | E51: 10 | F51: 10 | G51: 10 | H51: 10 | I51: 10 | J51: 10 | K51: 10 | L51: 10 | M51: 10
A52: 命中1个敌人获得终结技能量 | B52: 25 | C52: 25 | D52: 25 | E52: 25 | F52: 25 | G52: 25 | H52: 25 | I52: 25 | J52: 25 | K52: 25 | L52: 25 | M52: 25
A53: 命中2个敌人获得终结技能量 | B53: 30 | C53: 30 | D53: 30 | E53: 30 | F53: 30 | G53: 30 | H53: 30 | I53: 30 | J53: 30 | K53: 30 | L53: 30 | M53: 30
A54: 命中3个或以上敌人获得终结技能量 | B54: 35 | C54: 35 | D54: 35 | E54: 35 | F54: 35 | G54: 35 | H54: 35 | I54: 35 | J54: 35 | K54: 35 | L54: 35 | M54: 35

Sheet 伊冯_技能
A1: ⚔ 伊冯 - 技能数据面板
A3: ✦ 【普通攻击】雀跃扳机 (chr_0017_yvonne_NormalAttack)
A4: 普通攻击：对敌人进行至多5段攻击，造成寒冷伤害。作为主控干员时，重击会造成17点失衡。 下落攻击：处于空中时使用普通攻击，会下落并攻击附近敌人，造成寒冷伤害。 处决攻击：附近有敌人处于失衡状态时使用普通攻击，将处决该敌人，造成大量寒冷伤害并恢复一定技力。
A5: 参数名称 | B5: Lv1 | C5: Lv2 | D5: Lv3 | E5: Lv4 | F5: Lv5 | G5: Lv6 | H5: Lv7 | I5: Lv8 | J5: Lv9 | K5: M1 | L5: M2 | M5: M3
A6: 普攻第一段倍率 | B6: 24% | C6: 26% | D6: 28% | E6: 31% | F6: 33% | G6: 35% | H6: 38% | I6: 40% | J6: 42% | K6: 45% | L6: 49% | M6: 53%
A7: 普攻第二段倍率 | B7: 25% | C7: 28% | D7: 30% | E7: 33% | F7: 35% | G7: 38% | H7: 40% | I7: 43% | J7: 45% | K7: 48% | L7: 52% | M7: 56%
A8: 普攻第三段倍率 | B8: 32% | C8: 35% | D8: 38% | E8: 41% | F8: 44% | G8: 47% | H8: 50% | I8: 54% | J8: 57% | K8: 61% | L8: 65% | M8: 71%
A9: 普攻第四段倍率 | B9: 41% | C9: 45% | D9: 49% | E9: 53% | F9: 58% | G9: 62% | H9: 66% | I9: 70% | J9: 74% | K9: 79% | L9: 85% | M9: 92%
A10: 普攻第五段倍率 | B10: 56% | C10: 62% | D10: 67% | E10: 73% | F10: 79% | G10: 84% | H10: 90% | I10: 96% | J10: 101% | K10: 108% | L10: 117% | M10: 126%
A11: 处决攻击倍率 | B11: 400% | C11: 440% | D11: 480% | E11: 520% | F11: 560% | G11: 600% | H11: 640% | I11: 680% | J11: 720% | K11: 770% | L11: 830% | M11: 900%
A12: 下落攻击倍率 | B12: 80% | C12: 88% | D12: 96% | E12: 104% | F12: 112% | G12: 120% | H12: 128% | I12: 136% | J12: 144% | K12: 154% | L12: 166% | M12: 180%
A15: ✦ 【战技】冰冰弹·β型 (chr_0017_yvonne_NormalSkill)
A16: 向前发射一颗制冷弹。制冷弹碰到敌人后会发生爆炸，造成寒冷伤害。命中处于寒冷附着或自然附着的敌人时，消耗掉目标身上所有的法术附着，对其强制施加冻结，并基于消耗的层数造成寒冷伤害。战技成功施加冻结后，会基于消耗的层数，额外获得终结技能量，命中多名目标时仅获得1次。
A17: 参数名称 | B17: Lv1 | C17: Lv2 | D17: Lv3 | E17: Lv4 | F17: Lv5 | G17: Lv6 | H17: Lv7 | I17: Lv8 | J17: Lv9 | K17: M1 | L17: M2 | M17: M3
A18: 基础伤害倍率 | B18: 111% | C18: 122% | D18: 133% | E18: 144% | F18: 155% | G18: 167% | H18: 178% | I18: 189% | J18: 200% | K18: 214% | L18: 230% | M18: 250%
A19: 施加冻结伤害倍率 | B19: 67% | C19: 73% | D19: 80% | E19: 87% | F19: 93% | G19: 100% | H19: 107% | I19: 113% | J19: 120% | K19: 128% | L19: 138% | M19: 150%
A20: 消耗每层附着额外伤害倍率 | B20: 89% | C20: 98% | D20: 107% | E20: 116% | F20: 124% | G20: 133% | H20: 142% | I20: 151% | J20: 160% | K20: 171% | L20: 185% | M20: 200%
A21: 失衡值 | B21: 10 | C21: 10 | D21: 10 | E21: 10 | F21: 10 | G21: 10 | H21: 10 | I21: 10 | J21: 10 | K21: 10 | L21: 10 | M21: 10
A22: 施加冻结获得终结技能量 | B22: 10 | C22: 10 | D22: 10 | E22: 10 | F22: 10 | G22: 10 | H22: 10 | I22: 10 | J22: 10 | K22: 10 | L22: 10 | M22: 10
A23: 消耗每层附着额外获得终结技能量 | B23: 30 | C23: 30 | D23: 30 | E23: 30 | F23: 30 | G23: 30 | H23: 30 | I23: 30 | J23: 30 | K23: 30 | L23: 30 | M23: 30
A26: ✦ 【终结技】冷冻射手 (chr_0017_yvonne_UltimateSkill)
A27: 立即部署小嘀嗒进行辅助，并切换至主控干员。在接下来一定时间内，伊冯的普通攻击会得到强化，每次普通攻击都会增加自己的暴击率。当叠加至最大层数后，自身暴击伤害增加。持续时间结束前的最后一次强力攻击会变为重击，造成大量寒冷伤害。如果敌人处于冻结状态，额外造成一次寒冷伤害后，消耗其冻结状态。
A28: 参数名称 | B28: Lv1 | C28: Lv2 | D28: Lv3 | E28: Lv4 | F28: Lv5 | G28: Lv6 | H28: Lv7 | I28: Lv8 | J28: Lv9 | K28: M1 | L28: M2 | M28: M3
A29: 所需终结技能量 | B29: 220 | C29: 220 | D29: 220 | E29: 220 | F29: 220 | G29: 220 | H29: 220 | I29: 220 | J29: 220 | K29: 220 | L29: 220 | M29: 220
A30: 冷却时间 | B30: 10.0s | C30: 10.0s | D30: 10.0s | E30: 10.0s | F30: 10.0s | G30: 10.0s | H30: 10.0s | I30: 10.0s | J30: 10.0s | K30: 10.0s | L30: 10.0s | M30: 10.0s
A31: 持续时间（秒） | B31: 7 | C31: 7 | D31: 7 | E31: 7 | F31: 7 | G31: 7 | H31: 7 | I31: 7 | J31: 7 | K31: 7 | L31: 7 | M31: 7
A32: 普通攻击伤害倍率 | B32: 8.9% | C32: 9.8% | D32: 10.7% | E32: 11.6% | F32: 12.5% | G32: 13.4% | H32: 14.3% | I32: 15.1% | J32: 16% | K32: 17.2% | L32: 18.5% | M32: 20%
A33: 强力攻击伤害倍率 | B33: 133% | C33: 147% | D33: 160% | E33: 173% | F33: 186% | G33: 200% | H33: 213% | I33: 226% | J33: 240% | K33: 256% | L33: 276% | M33: 300%
A34: 额外攻击伤害倍率 | B34: 267% | C34: 294% | D34: 320% | E34: 347% | F34: 374% | G34: 400% | H34: 427% | I34: 454% | J34: 480% | K34: 514% | L34: 554% | M34: 600%
A35: 强力攻击失衡值 | B35: 20 | C35: 20 | D35: 20 | E35: 20 | F35: 20 | G35: 20 | H35: 20 | I35: 20 | J35: 20 | K35: 20 | L35: 20 | M35: 20
A36: 最大叠加层数 | B36: 10 | C36: 10 | D36: 10 | E36: 10 | F36: 10 | G36: 10 | H36: 10 | I36: 10 | J36: 10 | K36: 10 | L36: 10 | M36: 10
A37: 每层暴击率增加 | B37: 3% | C37: 3% | D37: 3% | E37: 3% | F37: 3% | G37: 3% | H37: 3% | I37: 3% | J37: 3% | K37: 3% | L37: 3% | M37: 3%
A38: 满层暴击伤害增加 | B38: 60% | C38: 60% | D38: 60% | E38: 60% | F38: 60% | G38: 60% | H38: 60% | I38: 60% | J38: 60% | K38: 60% | L38: 60% | M38: 60%
A41: ✦ 【连携技】速冻仔·υ37 (chr_0017_yvonne_ComboSkill)
A42: 当主控干员对处于冻结状态的敌人造成重击时可以发动。立即在敌人旁部署一个速冻仔，速冻仔会不断施放能量攻击周围的敌人，造成寒冷伤害并持续向中心牵引。持续时间结束后，速冻仔自爆，对周围敌人强制施加冻结并造成寒冷伤害。连携技成功命中敌人后，会额外获得终结技能量，命中多名目标时仅获得1次。
A43: 参数名称 | B43: Lv1 | C43: Lv2 | D43: Lv3 | E43: Lv4 | F43: Lv5 | G43: Lv6 | H43: Lv7 | I43: Lv8 | J43: Lv9 | K43: M1 | L43: M2 | M43: M3
A44: 冷却时间 | B44: 20.0s | C44: 20.0s | D44: 20.0s | E44: 20.0s | F44: 20.0s | G44: 20.0s | H44: 20.0s | I44: 20.0s | J44: 19.0s | K44: 19.0s | L44: 19.0s | M44: 18.0s
A45: 持续时间（秒） | B45: 3 | C45: 3 | D45: 3 | E45: 3 | F45: 3 | G45: 3 | H45: 3 | I45: 3 | J45: 3 | K45: 3 | L45: 3 | M45: 3
A46: 施放能量次数 | B46: 4 | C46: 4 | D46: 4 | E46: 4 | F46: 4 | G46: 4 | H46: 4 | I46: 4 | J46: 4 | K46: 4 | L46: 4 | M46: 4
A47: 能量伤害倍率 | B47: 45% | C47: 49% | D47: 54% | E47: 58% | F47: 62% | G47: 67% | H47: 71% | I47: 76% | J47: 80% | K47: 86% | L47: 93% | M47: 100%
A48: 爆炸伤害倍率 | B48: 89% | C48: 98% | D48: 107% | E48: 116% | F48: 125% | G48: 134% | H48: 142% | I48: 151% | J48: 160% | K48: 171% | L48: 185% | M48: 200%
A49: 爆炸失衡值 | B49: 10 | C49: 10 | D49: 10 | E49: 10 | F49: 10 | G49: 10 | H49: 10 | I49: 10 | J49: 10 | K49: 10 | L49: 10 | M49: 10
A50: 额外获得终结技能量 | B50: 10 | C50: 10 | D50: 10 | E50: 10 | F50: 10 | G50: 10 | H50: 10 | I50: 10 | J50: 10 | K50: 10 | L50: 10 | M50: 10

Sheet 大潘_技能
A1: ⚔ 大潘 - 技能数据面板
A3: ✦ 【普通攻击】滚刀切！ (chr_0018_dapan_NormalAttack)
A4: 普通攻击：对敌人进行至多4段攻击，造成物理伤害。作为主控干员时，重击会造成20点失衡。下落攻击：处于空中时使用普通攻击，会下落并攻击附近敌人，造成物理伤害。 处决攻击：附近有敌人处于失衡状态时使用普通攻击，将处决该敌人，造成大量物理伤害并恢复一定技力。
A5: 参数名称 | B5: Lv1 | C5: Lv2 | D5: Lv3 | E5: Lv4 | F5: Lv5 | G5: Lv6 | H5: Lv7 | I5: Lv8 | J5: Lv9 | K5: M1 | L5: M2 | M5: M3
A6: 普攻第一段倍率 | B6: 28% | C6: 31% | D6: 34% | E6: 37% | F6: 39% | G6: 42% | H6: 45% | I6: 48% | J6: 51% | K6: 54% | L6: 58% | M6: 63%
A7: 普攻第二段倍率 | B7: 34% | C7: 37% | D7: 40% | E7: 44% | F7: 47% | G7: 50% | H7: 54% | I7: 57% | J7: 60% | K7: 64% | L7: 70% | M7: 75%
A8: 普攻第三段倍率 | B8: 50% | C8: 55% | D8: 60% | E8: 65% | F8: 70% | G8: 75% | H8: 80% | I8: 85% | J8: 90% | K8: 97% | L8: 104% | M8: 113%
A9: 普攻第四段倍率 | B9: 60% | C9: 66% | D9: 72% | E9: 78% | F9: 84% | G9: 90% | H9: 96% | I9: 103% | J9: 109% | K9: 116% | L9: 125% | M9: 136%
A10: 处决攻击倍率 | B10: 400% | C10: 440% | D10: 480% | E10: 520% | F10: 560% | G10: 600% | H10: 640% | I10: 680% | J10: 720% | K10: 770% | L10: 830% | M10: 900%
A11: 下落攻击倍率 | B11: 80% | C11: 88% | D11: 96% | E11: 104% | F11: 112% | G11: 120% | H11: 128% | I11: 136% | J11: 144% | K11: 154% | L11: 166% | M11: 180%
A14: ✦ 【战技】颠勺！ (chr_0018_dapan_NormalSkill)
A15: 掏出铁锅进行短暂蓄力后，用力向上颠勺，对敌人造成物理伤害与击飞。
A16: 参数名称 | B16: Lv1 | C16: Lv2 | D16: Lv3 | E16: Lv4 | F16: Lv5 | G16: Lv6 | H16: Lv7 | I16: Lv8 | J16: Lv9 | K16: M1 | L16: M2 | M16: M3
A17: 伤害倍率 | B17: 133% | C17: 147% | D17: 160% | E17: 173% | F17: 186% | G17: 200% | H17: 213% | I17: 226% | J17: 240% | K17: 256% | L17: 276% | M17: 300%
A18: 失衡值 | B18: 10 | C18: 10 | D18: 10 | E18: 10 | F18: 10 | G18: 10 | H18: 10 | I18: 10 | J18: 10 | K18: 10 | L18: 10 | M18: 10
A19: 浮空时间（秒） | B19: 1.8 | C19: 1.8 | D19: 1.8 | E19: 1.8 | F19: 1.8 | G19: 1.8 | H19: 1.8 | I19: 1.8 | J19: 1.8 | K19: 1.8 | L19: 1.8 | M19: 1.8
A22: ✦ 【终结技】切丝入锅！ (chr_0018_dapan_UltimateSkill)
A23: 猛拍砧板，立即对前方范围内的敌人强制造成击飞。随后发动6段连续斩击，造成物理伤害，最后将所有敌人一并击坠，强制造成倒地，造成大量物理伤害。
A24: 参数名称 | B24: Lv1 | C24: Lv2 | D24: Lv3 | E24: Lv4 | F24: Lv5 | G24: Lv6 | H24: Lv7 | I24: Lv8 | J24: Lv9 | K24: M1 | L24: M2 | M24: M3
A25: 所需终结技能量 | B25: 90 | C25: 90 | D25: 90 | E25: 90 | F25: 90 | G25: 90 | H25: 90 | I25: 90 | J25: 90 | K25: 90 | L25: 90 | M25: 90
A26: 冷却时间 | B26: 15.0s | C26: 15.0s | D26: 15.0s | E26: 15.0s | F26: 15.0s | G26: 15.0s | H26: 15.0s | I26: 15.0s | J26: 15.0s | K26: 15.0s | L26: 15.0s | M26: 15.0s
A27: 空中连斩伤害倍率 | B27: 22% | C27: 24% | D27: 26% | E27: 29% | F27: 31% | G27: 33% | H27: 35% | I27: 37% | J27: 40% | K27: 42% | L27: 46% | M27: 50%
A28: 终结伤害倍率 | B28: 178% | C28: 196% | D28: 213% | E28: 231% | F28: 249% | G28: 267% | H28: 284% | I28: 302% | J28: 320% | K28: 342% | L28: 369% | M28: 400%
A31: ✦ 【连携技】加料！ (chr_0018_dapan_ComboSkill)
A32: 当有敌人达到4层破防时可以发动。抡起铁锅对敌人造成大量物理伤害并猛击，本次猛击的伤害获得额外提升。
A33: 参数名称 | B33: Lv1 | C33: Lv2 | D33: Lv3 | E33: Lv4 | F33: Lv5 | G33: Lv6 | H33: Lv7 | I33: Lv8 | J33: Lv9 | K33: M1 | L33: M2 | M33: M3
A34: 冷却时间 | B34: 20.0s | C34: 20.0s | D34: 20.0s | E34: 20.0s | F34: 20.0s | G34: 20.0s | H34: 20.0s | I34: 20.0s | J34: 20.0s | K34: 20.0s | L34: 20.0s | M34: 19.0s
A35: 伤害倍率 | B35: 289% | C35: 318% | D35: 347% | E35: 375% | F35: 404% | G35: 433% | H35: 462% | I35: 491% | J35: 520% | K35: 556% | L35: 599% | M35: 650%
A36: 失衡值 | B36: 15 | C36: 15 | D36: 15 | E36: 15 | F36: 15 | G36: 15 | H36: 15 | I36: 15 | J36: 15 | K36: 15 | L36: 15 | M36: 15
A37: 猛击伤害额外提升 | B37: 10% | C37: 10% | D37: 10% | E37: 10% | F37: 10% | G37: 10% | H37: 10% | I37: 10% | J37: 15% | K37: 15% | L37: 15% | M37: 20%

Sheet 秋栗_技能
A1: ⚔ 秋栗 - 技能数据面板
A3: ✦ 【普通攻击】进取剑锋 (chr_0019_karin_NormalAttack)
A4: 普通攻击：对敌人进行至多4段攻击，造成物理伤害。作为主控干员时，重击会造成17点失衡。下落攻击：处于空中时使用普通攻击，会下落并攻击附近敌人，造成物理伤害。处决攻击：附近有敌人处于失衡状态时使用普通攻击，将处决该敌人，造成大量物理伤害并恢复一定技力。
A5: 参数名称 | B5: Lv1 | C5: Lv2 | D5: Lv3 | E5: Lv4 | F5: Lv5 | G5: Lv6 | H5: Lv7 | I5: Lv8 | J5: Lv9 | K5: M1 | L5: M2 | M5: M3
A6: 普攻第一段倍率 | B6: 20% | C6: 22% | D6: 24% | E6: 26% | F6: 28% | G6: 30% | H6: 32% | I6: 34% | J6: 36% | K6: 39% | L6: 42% | M6: 45%
A7: 普攻第二段倍率 | B7: 28% | C7: 30% | D7: 33% | E7: 36% | F7: 39% | G7: 41% | H7: 44% | I7: 47% | J7: 50% | K7: 53% | L7: 57% | M7: 62%
A8: 普攻第三段倍率 | B8: 33% | C8: 36% | D8: 39% | E8: 42% | F8: 46% | G8: 49% | H8: 52% | I8: 55% | J8: 59% | K8: 63% | L8: 67% | M8: 73%
A9: 普攻第四段倍率 | B9: 50% | C9: 54% | D9: 59% | E9: 64% | F9: 69% | G9: 74% | H9: 79% | I9: 84% | J9: 89% | K9: 95% | L9: 103% | M9: 111%
A10: 处决攻击倍率 | B10: 400% | C10: 440% | D10: 480% | E10: 520% | F10: 560% | G10: 600% | H10: 640% | I10: 680% | J10: 720% | K10: 770% | L10: 830% | M10: 900%
A11: 下落攻击倍率 | B11: 80% | C11: 88% | D11: 96% | E11: 104% | F11: 112% | G11: 120% | H11: 128% | I11: 136% | J11: 144% | K11: 154% | L11: 166% | M11: 180%
A14: ✦ 【战技】热情迸发 (chr_0019_karin_NormalSkill)
A15: 向前方挥斩，造成灼热伤害并施加灼热附着。
A16: 参数名称 | B16: Lv1 | C16: Lv2 | D16: Lv3 | E16: Lv4 | F16: Lv5 | G16: Lv6 | H16: Lv7 | I16: Lv8 | J16: Lv9 | K16: M1 | L16: M2 | M16: M3
A17: 伤害倍率 | B17: 142% | C17: 156% | D17: 171% | E17: 185% | F17: 199% | G17: 213% | H17: 228% | I17: 242% | J17: 256% | K17: 274% | L17: 295% | M17: 320%
A18: 失衡值 | B18: 10 | C18: 10 | D18: 10 | E18: 10 | F18: 10 | G18: 10 | H18: 10 | I18: 10 | J18: 10 | K18: 10 | L18: 10 | M18: 10
A21: ✦ 【终结技】小队，集结！ (chr_0019_karin_UltimateSkill)
A22: 进入持续施法状态，发射3枚集结信号弹，每次发射恢复一定技力。
A23: 参数名称 | B23: Lv1 | C23: Lv2 | D23: Lv3 | E23: Lv4 | F23: Lv5 | G23: Lv6 | H23: Lv7 | I23: Lv8 | J23: Lv9 | K23: M1 | L23: M2 | M23: M3
A24: 所需终结技能量 | B24: 120 | C24: 120 | D24: 120 | E24: 120 | F24: 120 | G24: 120 | H24: 120 | I24: 120 | J24: 120 | K24: 120 | L24: 120 | M24: 120
A25: 冷却时间 | B25: 20.0s | C25: 20.0s | D25: 20.0s | E25: 20.0s | F25: 20.0s | G25: 20.0s | H25: 20.0s | I25: 20.0s | J25: 20.0s | K25: 20.0s | L25: 20.0s | M25: 20.0s
A26: 恢复技力 | B26: 58 | C26: 60 | D26: 62 | E26: 64 | F26: 66 | G26: 68 | H26: 70 | I26: 72 | J26: 74 | K26: 76 | L26: 78 | M26: 80
A29: ✦ 【连携技】快闪冲击 (chr_0019_karin_ComboSkill)
A30: 当有敌人失衡，或触发失衡节点时可以发动。进行来回2段突刺，每段造成物理伤害，并恢复一定技力。
A31: 参数名称 | B31: Lv1 | C31: Lv2 | D31: Lv3 | E31: Lv4 | F31: Lv5 | G31: Lv6 | H31: Lv7 | I31: Lv8 | J31: Lv9 | K31: M1 | L31: M2 | M31: M3
A32: 冷却时间 | B32: 10.0s | C32: 10.0s | D32: 10.0s | E32: 10.0s | F32: 10.0s | G32: 10.0s | H32: 10.0s | I32: 10.0s | J32: 10.0s | K32: 10.0s | L32: 10.0s | M32: 9.0s
A33: 每段伤害倍率 | B33: 80% | C33: 88% | D33: 96% | E33: 104% | F33: 112% | G33: 120% | H33: 128% | I33: 136% | J33: 144% | K33: 154% | L33: 166% | M33: 180%
A34: 每段失衡值 | B34: 5 | C34: 5 | D34: 5 | E34: 5 | F34: 5 | G34: 5 | H34: 5 | I34: 5 | J34: 5 | K34: 5 | L34: 5 | M34: 5
A35: 每段恢复技力 | B35: 7.5 | C35: 7.5 | D35: 7.5 | E35: 7.5 | F35: 7.5 | G35: 7.5 | H35: 7.5 | I35: 7.5 | J35: 7.5 | K35: 7.5 | L35: 7.5 | M35: 7.5

Sheet 卡契尔_技能
A1: ⚔ 卡契尔 - 技能数据面板
A3: ✦ 【普通攻击】基础战术 (chr_0020_meurs_NormalAttack)
A4: 普通攻击：对敌人进行至多4段攻击，造成物理伤害。作为主控干员时，重击会造成22点失衡。下落攻击：处于空中时使用普通攻击，会下落并攻击附近敌人，造成物理伤害。处决攻击：附近有敌人处于失衡状态时使用普通攻击，将处决该敌人，造成大量物理伤害并恢复一定技力。
A5: 参数名称 | B5: Lv1 | C5: Lv2 | D5: Lv3 | E5: Lv4 | F5: Lv5 | G5: Lv6 | H5: Lv7 | I5: Lv8 | J5: Lv9 | K5: M1 | L5: M2 | M5: M3
A6: 普攻第一段倍率 | B6: 35% | C6: 39% | D6: 42% | E6: 46% | F6: 49% | G6: 53% | H6: 56% | I6: 60% | J6: 63% | K6: 67% | L6: 73% | M6: 79%
A7: 普攻第二段倍率 | B7: 39% | C7: 42% | D7: 46% | E7: 50% | F7: 54% | G7: 58% | H7: 62% | I7: 65% | J7: 69% | K7: 74% | L7: 80% | M7: 87%
A8: 普攻第三段倍率 | B8: 54% | C8: 59% | D8: 65% | E8: 70% | F8: 76% | G8: 81% | H8: 86% | I8: 92% | J8: 97% | K8: 104% | L8: 112% | M8: 122%
A9: 普攻第四段倍率 | B9: 71% | C9: 78% | D9: 85% | E9: 92% | F9: 99% | G9: 107% | H9: 114% | I9: 121% | J9: 128% | K9: 137% | L9: 147% | M9: 160%
A10: 处决攻击倍率 | B10: 400% | C10: 440% | D10: 480% | E10: 520% | F10: 560% | G10: 600% | H10: 640% | I10: 680% | J10: 720% | K10: 770% | L10: 830% | M10: 900%
A11: 下落攻击倍率 | B11: 80% | C11: 88% | D11: 96% | E11: 104% | F11: 112% | G11: 120% | H11: 128% | I11: 136% | J11: 144% | K11: 154% | L11: 166% | M11: 180%
A14: ✦ 【战技】刚性阻击 (chr_0020_meurs_NormalSkill)
A15: 架起盾牌格挡攻击，使自身及周围干员获得庇护，并立即返还一定技力。若在立盾期间受到攻击，则发动一次反击，尝试对敌人造成物理伤害并施加1层破防。
A16: 参数名称 | B16: Lv1 | C16: Lv2 | D16: Lv3 | E16: Lv4 | F16: Lv5 | G16: Lv6 | H16: Lv7 | I16: Lv8 | J16: Lv9 | K16: M1 | L16: M2 | M16: M3
A17: 伤害倍率 | B17: 178% | C17: 196% | D17: 213% | E17: 231% | F17: 249% | G17: 267% | H17: 285% | I17: 302% | J17: 320% | K17: 342% | L17: 369% | M17: 400%
A18: 失衡值 | B18: 20 | C18: 20 | D18: 20 | E18: 20 | F18: 20 | G18: 20 | H18: 20 | I18: 20 | J18: 20 | K18: 20 | L18: 20 | M18: 20
A19: 庇护效果 | B19: 90% | C19: 90% | D19: 90% | E19: 90% | F19: 90% | G19: 90% | H19: 90% | I19: 90% | J19: 90% | K19: 90% | L19: 90% | M19: 90%
A20: 返还技力 | B20: 30 | C20: 30 | D20: 30 | E20: 30 | F20: 30 | G20: 30 | H20: 30 | I20: 30 | J20: 30 | K20: 30 | L20: 30 | M20: 30
A23: ✦ 【终结技】教科书式猛攻 (chr_0020_meurs_UltimateSkill)
A24: 挥动大剑快速向前斩击2次，造成物理伤害并施加虚弱。最后向下猛砸，对目标范围内的所有敌人造成大量物理伤害并造成倒地。
A25: 参数名称 | B25: Lv1 | C25: Lv2 | D25: Lv3 | E25: Lv4 | F25: Lv5 | G25: Lv6 | H25: Lv7 | I25: Lv8 | J25: Lv9 | K25: M1 | L25: M2 | M25: M3
A26: 所需终结技能量 | B26: 80 | C26: 80 | D26: 80 | E26: 80 | F26: 80 | G26: 80 | H26: 80 | I26: 80 | J26: 80 | K26: 80 | L26: 80 | M26: 80
A27: 冷却时间 | B27: 15.0s | C27: 15.0s | D27: 15.0s | E27: 15.0s | F27: 15.0s | G27: 15.0s | H27: 15.0s | I27: 15.0s | J27: 15.0s | K27: 15.0s | L27: 15.0s | M27: 15.0s
A28: 第一段伤害倍率 | B28: 89% | C28: 98% | D28: 107% | E28: 116% | F28: 125% | G28: 134% | H28: 143% | I28: 151% | J28: 160% | K28: 172% | L28: 185% | M28: 200%
A29: 第一段失衡值 | B29: 5 | C29: 5 | D29: 5 | E29: 5 | F29: 5 | G29: 5 | H29: 5 | I29: 5 | J29: 5 | K29: 5 | L29: 5 | M29: 5
A30: 第二段伤害倍率 | B30: 120% | C30: 132% | D30: 144% | E30: 156% | F30: 168% | G30: 180% | H30: 192% | I30: 204% | J30: 216% | K30: 231% | L30: 249% | M30: 270%
A31: 第二段失衡值 | B31: 5 | C31: 5 | D31: 5 | E31: 5 | F31: 5 | G31: 5 | H31: 5 | I31: 5 | J31: 5 | K31: 5 | L31: 5 | M31: 5
A32: 第三段伤害倍率 | B32: 178% | C32: 196% | D32: 213% | E32: 231% | F32: 249% | G32: 267% | H32: 284% | I32: 302% | J32: 320% | K32: 342% | L32: 369% | M32: 400%
A33: 第三段失衡值 | B33: 10 | C33: 10 | D33: 10 | E33: 10 | F33: 10 | G33: 10 | H33: 10 | I33: 10 | J33: 10 | K33: 10 | L33: 10 | M33: 10
A34: 虚弱效果 | B34: 20% | C34: 20% | D34: 20% | E34: 20% | F34: 20% | G34: 25% | H34: 25% | I34: 25% | J34: 25% | K34: 30% | L34: 30% | M34: 30%
A35: 虚弱持续时间（秒） | B35: 8 | C35: 8 | D35: 8 | E35: 8 | F35: 8 | G35: 8 | H35: 8 | I35: 8 | J35: 8 | K35: 8 | L35: 8 | M35: 8
A38: ✦ 【连携技】即时压制 (chr_0020_meurs_ComboSkill)
A39: 当敌人开始蓄力，或主控干员受到攻击后生命值低于40%可以发动。挥拳向前用力扣下，对敌人造成物理伤害，并使自身和另一名友方干员（主控干员优先）获得护盾。防御力可以额外提高护盾值。
A40: 参数名称 | B40: Lv1 | C40: Lv2 | D40: Lv3 | E40: Lv4 | F40: Lv5 | G40: Lv6 | H40: Lv7 | I40: Lv8 | J40: Lv9 | K40: M1 | L40: M2 | M40: M3
A41: 冷却时间 | B41: 35.0s | C41: 35.0s | D41: 35.0s | E41: 35.0s | F41: 35.0s | G41: 35.0s | H41: 35.0s | I41: 35.0s | J41: 35.0s | K41: 35.0s | L41: 35.0s | M41: 33.0s
A42: 第一段伤害倍率 | B42: 25% | C42: 27% | D42: 30% | E42: 32% | F42: 34% | G42: 37% | H42: 39% | I42: 42% | J42: 44% | K42: 47% | L42: 51% | M42: 55%
A43: 第二段伤害倍率 | B43: 100% | C43: 110% | D43: 120% | E43: 130% | F43: 140% | G43: 150% | H43: 160% | I43: 170% | J43: 180% | K43: 193% | L43: 208% | M43: 225%
A44: 失衡值 | B44: 10 | C44: 10 | D44: 10 | E44: 10 | F44: 10 | G44: 10 | H44: 10 | I44: 10 | J44: 10 | K44: 10 | L44: 10 | M44: 10
A45: 基础值护盾 | B45: 360 | C45: 432 | D45: 504 | E45: 576 | F45: 612 | G45: 648 | H45: 684 | I45: 720 | J45: 756 | K45: 774 | L45: 792 | M45: 810
A46: 每点防御力提升的护盾值 | B46: 2.25 | C46: 2.7 | D46: 3.15 | E46: 3.6 | F46: 3.83 | G46: 4.05 | H46: 4.28 | I46: 4.5 | J46: 4.73 | K46: 4.84 | L46: 4.95 | M46: 5.06
A47: 护盾持续时间（秒） | B47: 10 | C47: 10 | D47: 10 | E47: 10 | F47: 10 | G47: 10 | H47: 10 | I47: 10 | J47: 10 | K47: 10 | L47: 10 | M47: 10

Sheet 埃特拉_技能
A1: ⚔ 埃特拉 - 技能数据面板
A3: ✦ 【普通攻击】噪点 (chr_0021_whiten_NormalAttack)
A4: 普通攻击：对敌人进行至多4段攻击，造成物理伤害。作为主控干员时，重击会造成17点失衡。下落攻击：处于空中时使用普通攻击，会下落并攻击附近敌人，造成物理伤害。处决攻击：附近有敌人处于失衡状态时使用普通攻击，将处决该敌人，造成大量物理伤害并恢复一定技力。
A5: 参数名称 | B5: Lv1 | C5: Lv2 | D5: Lv3 | E5: Lv4 | F5: Lv5 | G5: Lv6 | H5: Lv7 | I5: Lv8 | J5: Lv9 | K5: M1 | L5: M2 | M5: M3
A6: 普攻第一段倍率 | B6: 25% | C6: 28% | D6: 30% | E6: 33% | F6: 35% | G6: 38% | H6: 40% | I6: 43% | J6: 45% | K6: 48% | L6: 52% | M6: 56%
A7: 普攻第二段倍率 | B7: 30% | C7: 33% | D7: 36% | E7: 39% | F7: 42% | G7: 45% | H7: 48% | I7: 51% | J7: 54% | K7: 58% | L7: 62% | M7: 68%
A8: 普攻第三段倍率 | B8: 35% | C8: 39% | D8: 42% | E8: 46% | F8: 49% | G8: 53% | H8: 56% | I8: 60% | J8: 63% | K8: 67% | L8: 73% | M8: 79%
A9: 普攻第四段倍率 | B9: 40% | C9: 44% | D9: 48% | E9: 52% | F9: 56% | G9: 60% | H9: 64% | I9: 68% | J9: 72% | K9: 77% | L9: 83% | M9: 90%
A10: 处决攻击倍率 | B10: 400% | C10: 440% | D10: 480% | E10: 520% | F10: 560% | G10: 600% | H10: 640% | I10: 680% | J10: 720% | K10: 770% | L10: 830% | M10: 900%
A11: 下落攻击倍率 | B11: 80% | C11: 88% | D11: 96% | E11: 104% | F11: 112% | G11: 120% | H11: 128% | I11: 136% | J11: 144% | K11: 154% | L11: 166% | M11: 180%
A14: ✦ 【战技】凝声 (chr_0021_whiten_NormalSkill)
A15: 向前刺出长枪，激发出一道制冷声波，对一条直线上的敌人造成寒冷伤害并施加寒冷附着。
A16: 参数名称 | B16: Lv1 | C16: Lv2 | D16: Lv3 | E16: Lv4 | F16: Lv5 | G16: Lv6 | H16: Lv7 | I16: Lv8 | J16: Lv9 | K16: M1 | L16: M2 | M16: M3
A17: 伤害倍率 | B17: 156% | C17: 171% | D17: 187% | E17: 202% | F17: 218% | G17: 234% | H17: 249% | I17: 265% | J17: 280% | K17: 300% | L17: 323% | M17: 350%
A18: 失衡值 | B18: 10 | C18: 10 | D18: 10 | E18: 10 | F18: 10 | G18: 10 | H18: 10 | I18: 10 | J18: 10 | K18: 10 | L18: 10 | M18: 10
A21: ✦ 【终结技】震音 (chr_0021_whiten_UltimateSkill)
A22: 耗尽全身力气，用力下砸枪柄，对自身附近圆形范围的敌人造成物理伤害。如果敌人处于物理脆弱状态，则对其强制造成击飞。
A23: 参数名称 | B23: Lv1 | C23: Lv2 | D23: Lv3 | E23: Lv4 | F23: Lv5 | G23: Lv6 | H23: Lv7 | I23: Lv8 | J23: Lv9 | K23: M1 | L23: M2 | M23: M3
A24: 所需终结技能量 | B24: 70 | C24: 70 | D24: 70 | E24: 70 | F24: 70 | G24: 70 | H24: 70 | I24: 70 | J24: 70 | K24: 70 | L24: 70 | M24: 70
A25: 冷却时间 | B25: 10.0s | C25: 10.0s | D25: 10.0s | E25: 10.0s | F25: 10.0s | G25: 10.0s | H25: 10.0s | I25: 10.0s | J25: 10.0s | K25: 10.0s | L25: 10.0s | M25: 10.0s
A26: 伤害倍率 | B26: 489% | C26: 538% | D26: 586% | E26: 635% | F26: 684% | G26: 733% | H26: 782% | I26: 831% | J26: 880% | K26: 941% | L26: 1014% | M26: 1100%
A27: 失衡值 | B27: 15 | C27: 15 | D27: 15 | E27: 15 | F27: 15 | G27: 15 | H27: 15 | I27: 15 | J27: 15 | K27: 20 | L27: 20 | M27: 20
A30: ✦ 【连携技】失真 (chr_0021_whiten_ComboSkill)
A31: 当有敌人进入冻结状态时可以发动。迅速移动到敌人身边，对小范围内的敌人造成物理伤害并强制造成击飞。如果命中处于冻结状态的敌人，还会造成额外伤害并施加物理脆弱。
A32: 参数名称 | B32: Lv1 | C32: Lv2 | D32: Lv3 | E32: Lv4 | F32: Lv5 | G32: Lv6 | H32: Lv7 | I32: Lv8 | J32: Lv9 | K32: M1 | L32: M2 | M32: M3
A33: 冷却时间 | B33: 18.0s | C33: 18.0s | D33: 18.0s | E33: 18.0s | F33: 18.0s | G33: 18.0s | H33: 18.0s | I33: 18.0s | J33: 18.0s | K33: 18.0s | L33: 18.0s | M33: 17.0s
A34: 对非冻结敌人的伤害倍率 | B34: 160% | C34: 176% | D34: 192% | E34: 208% | F34: 224% | G34: 240% | H34: 256% | I34: 272% | J34: 288% | K34: 308% | L34: 332% | M34: 360%
A35: 对冻结敌人的伤害倍率 | B35: 280% | C35: 308% | D35: 336% | E35: 364% | F35: 392% | G35: 420% | H35: 448% | I35: 476% | J35: 504% | K35: 539% | L35: 581% | M35: 630%
A36: 失衡值 | B36: 10 | C36: 10 | D36: 10 | E36: 10 | F36: 10 | G36: 10 | H36: 10 | I36: 10 | J36: 10 | K36: 10 | L36: 10 | M36: 10
A37: 物理脆弱倍率 | B37: 10% | C37: 10% | D37: 10% | E37: 10% | F37: 10% | G37: 10% | H37: 10% | I37: 10% | J37: 10% | K37: 15% | L37: 15% | M37: 15%
A38: 物理脆弱持续时间 | B38: 6 | C38: 6 | D38: 6 | E38: 6 | F38: 6 | G38: 6 | H38: 6 | I38: 6 | J38: 6 | K38: 6 | L38: 6 | M38: 6

Sheet 萤石_技能
A1: ⚔ 萤石 - 技能数据面板
A3: ✦ 【普通攻击】独门射击法 (chr_0022_bounda_NormalAttack)
A4: 普通攻击：对敌人进行至多4段攻击，造成自然伤害。作为主控干员时，重击会造成15点失衡。下落攻击：处于空中时使用普通攻击，会下落并攻击附近敌人，造成自然伤害。处决攻击：附近有敌人处于失衡状态时使用普通攻击，将处决该敌人，造成大量自然伤害并恢复一定技力。
A5: 参数名称 | B5: Lv1 | C5: Lv2 | D5: Lv3 | E5: Lv4 | F5: Lv5 | G5: Lv6 | H5: Lv7 | I5: Lv8 | J5: Lv9 | K5: M1 | L5: M2 | M5: M3
A6: 普攻第一段倍率 | B6: 25% | C6: 28% | D6: 30% | E6: 33% | F6: 35% | G6: 38% | H6: 40% | I6: 43% | J6: 45% | K6: 48% | L6: 52% | M6: 56%
A7: 普攻第二段倍率 | B7: 33% | C7: 36% | D7: 39% | E7: 42% | F7: 46% | G7: 49% | H7: 52% | I7: 55% | J7: 59% | K7: 63% | L7: 67% | M7: 73%
A8: 普攻第三段倍率 | B8: 26% | C8: 28% | D8: 31% | E8: 33% | F8: 36% | G8: 38% | H8: 41% | I8: 43% | J8: 46% | K8: 49% | L8: 53% | M8: 57%
A9: 普攻第四段倍率 | B9: 60% | C9: 66% | D9: 72% | E9: 78% | F9: 84% | G9: 90% | H9: 96% | I9: 102% | J9: 108% | K9: 116% | L9: 125% | M9: 135%
A10: 处决攻击倍率 | B10: 400% | C10: 440% | D10: 480% | E10: 520% | F10: 560% | G10: 600% | H10: 640% | I10: 680% | J10: 720% | K10: 770% | L10: 830% | M10: 900%
A11: 下落攻击倍率 | B11: 80% | C11: 88% | D11: 96% | E11: 104% | F11: 112% | G11: 120% | H11: 128% | I11: 136% | J11: 144% | K11: 154% | L11: 166% | M11: 180%
A14: ✦ 【战技】小惊喜 (chr_0022_bounda_NormalSkill)
A15: 踢出自制炸弹将其黏附在目标身上，并施加缓速，短暂延迟后爆炸对范围内的敌人造成自然伤害并施加自然附着。若黏附目标被击败则自制炸弹提前爆炸。场上同时只能存在一个自制炸弹。
A16: 参数名称 | B16: Lv1 | C16: Lv2 | D16: Lv3 | E16: Lv4 | F16: Lv5 | G16: Lv6 | H16: Lv7 | I16: Lv8 | J16: Lv9 | K16: M1 | L16: M2 | M16: M3
A17: 伤害倍率 | B17: 187% | C17: 206% | D17: 224% | E17: 243% | F17: 262% | G17: 280% | H17: 299% | I17: 318% | J17: 336% | K17: 360% | L17: 388% | M17: 420%
A18: 失衡值 | B18: 10 | C18: 10 | D18: 10 | E18: 10 | F18: 10 | G18: 10 | H18: 10 | I18: 10 | J18: 10 | K18: 10 | L18: 10 | M18: 10
A19: 缓速效果 | B19: 30% | C19: 30% | D19: 30% | E19: 30% | F19: 30% | G19: 30% | H19: 30% | I19: 30% | J19: 30% | K19: 30% | L19: 30% | M19: 30%
A22: ✦ 【终结技】巅峰闹剧 (chr_0022_bounda_UltimateSkill)
A23: 萤石以弧形轨迹高速运动并向弧内目标快速射击，造成4段自然伤害，若命中目标身上粘有自制炸弹，则立刻将其引爆并提升爆炸伤害及范围。若最后一段伤害命中处于2层及以上寒冷附着或自然附着的目标，则再次施加该法术附着。
A24: 参数名称 | B24: Lv1 | C24: Lv2 | D24: Lv3 | E24: Lv4 | F24: Lv5 | G24: Lv6 | H24: Lv7 | I24: Lv8 | J24: Lv9 | K24: M1 | L24: M2 | M24: M3
A25: 所需终结技能量 | B25: 100 | C25: 100 | D25: 100 | E25: 100 | F25: 100 | G25: 100 | H25: 100 | I25: 100 | J25: 100 | K25: 100 | L25: 100 | M25: 100
A26: 冷却时间 | B26: 10.0s | C26: 10.0s | D26: 10.0s | E26: 10.0s | F26: 10.0s | G26: 10.0s | H26: 10.0s | I26: 10.0s | J26: 10.0s | K26: 10.0s | L26: 10.0s | M26: 10.0s
A27: 第一段伤害倍率 | B27: 111% | C27: 122% | D27: 133% | E27: 144% | F27: 156% | G27: 167% | H27: 178% | I27: 189% | J27: 200% | K27: 214% | L27: 231% | M27: 250%
A28: 第二段伤害倍率 | B28: 111% | C28: 122% | D28: 133% | E28: 144% | F28: 156% | G28: 167% | H28: 178% | I28: 189% | J28: 200% | K28: 214% | L28: 231% | M28: 250%
A29: 第三段伤害倍率 | B29: 111% | C29: 122% | D29: 133% | E29: 144% | F29: 156% | G29: 167% | H29: 178% | I29: 189% | J29: 200% | K29: 214% | L29: 231% | M29: 250%
A30: 第四段伤害倍率 | B30: 111% | C30: 122% | D30: 133% | E30: 144% | F30: 156% | G30: 167% | H30: 178% | I30: 189% | J30: 200% | K30: 214% | L30: 231% | M30: 250%
A31: 战技范围提升 | B31: 30% | C31: 30% | D31: 30% | E31: 30% | F31: 30% | G31: 30% | H31: 30% | I31: 30% | J31: 30% | K31: 30% | L31: 30% | M31: 30%
A32: 战技伤害提升 | B32: 30% | C32: 30% | D32: 30% | E32: 30% | F32: 30% | G32: 30% | H32: 30% | I32: 30% | J32: 30% | K32: 30% | L32: 30% | M32: 30%
A33: 失衡值 | B33: 20 | C33: 20 | D33: 20 | E33: 20 | F33: 20 | G33: 20 | H33: 20 | I33: 20 | J33: 20 | K33: 20 | L33: 20 | M33: 20
A36: ✦ 【连携技】免费赠礼 (chr_0022_bounda_ComboSkill)
A37: 当敌人进入2层及以上寒冷附着或自然附着时可以发动。射击目标敌人，引发一次特殊爆炸，造成自然伤害并施加该法术附着。
A38: 参数名称 | B38: Lv1 | C38: Lv2 | D38: Lv3 | E38: Lv4 | F38: Lv5 | G38: Lv6 | H38: Lv7 | I38: Lv8 | J38: Lv9 | K38: M1 | L38: M2 | M38: M3
A39: 冷却时间 | B39: 40.0s | C39: 40.0s | D39: 40.0s | E39: 40.0s | F39: 40.0s | G39: 40.0s | H39: 40.0s | I39: 40.0s | J39: 40.0s | K39: 40.0s | L39: 40.0s | M39: 38.0s
A40: 伤害倍率 | B40: 169% | C40: 186% | D40: 203% | E40: 220% | F40: 237% | G40: 254% | H40: 270% | I40: 287% | J40: 304% | K40: 325% | L40: 351% | M40: 380%
A41: 失衡值 | B41: 10 | C41: 10 | D41: 10 | E41: 10 | F41: 10 | G41: 10 | H41: 10 | I41: 10 | J41: 10 | K41: 10 | L41: 10 | M41: 10

Sheet 安塔尔_技能
A1: ⚔ 安塔尔 - 技能数据面板
A3: ✦ 【普通攻击】交换电流 (chr_0023_antal_NormalAttack)
A4: 普通攻击：对敌人进行至多4段攻击，造成电磁伤害。作为主控干员时，重击会造成15点失衡。下落攻击：处于空中时使用普通攻击，会下落并攻击附近敌人，造成电磁伤害。处决攻击：附近有敌人处于失衡状态时使用普通攻击，将处决该敌人，造成大量电磁伤害并恢复一定技力。
A5: 参数名称 | B5: Lv1 | C5: Lv2 | D5: Lv3 | E5: Lv4 | F5: Lv5 | G5: Lv6 | H5: Lv7 | I5: Lv8 | J5: Lv9 | K5: M1 | L5: M2 | M5: M3
A6: 普攻第一段倍率 | B6: 23% | C6: 25% | D6: 28% | E6: 30% | F6: 32% | G6: 35% | H6: 37% | I6: 39% | J6: 41% | K6: 44% | L6: 48% | M6: 52%
A7: 普攻第二段倍率 | B7: 28% | C7: 31% | D7: 34% | E7: 36% | F7: 39% | G7: 42% | H7: 45% | I7: 48% | J7: 50% | K7: 54% | L7: 58% | M7: 63%
A8: 普攻第三段倍率 | B8: 34% | C8: 37% | D8: 41% | E8: 44% | F8: 48% | G8: 51% | H8: 54% | I8: 58% | J8: 61% | K8: 65% | L8: 71% | M8: 77%
A9: 普攻第四段倍率 | B9: 51% | C9: 56% | D9: 61% | E9: 66% | F9: 71% | G9: 77% | H9: 82% | I9: 87% | J9: 92% | K9: 98% | L9: 106% | M9: 115%
A10: 处决攻击倍率 | B10: 400% | C10: 440% | D10: 480% | E10: 520% | F10: 560% | G10: 600% | H10: 640% | I10: 680% | J10: 720% | K10: 770% | L10: 830% | M10: 900%
A11: 下落攻击倍率 | B11: 80% | C11: 88% | D11: 96% | E11: 104% | F11: 112% | G11: 120% | H11: 128% | I11: 136% | J11: 144% | K11: 154% | L11: 166% | M11: 180%
A14: ✦ 【战技】指定研究对象 (chr_0023_antal_NormalSkill)
A15: 对敌人施加长时间聚焦，造成电磁伤害，被聚焦的敌人受到电磁脆弱和灼热脆弱，同时最多聚焦1个敌人。
A16: 参数名称 | B16: Lv1 | C16: Lv2 | D16: Lv3 | E16: Lv4 | F16: Lv5 | G16: Lv6 | H16: Lv7 | I16: Lv8 | J16: Lv9 | K16: M1 | L16: M2 | M16: M3
A17: 伤害倍率 | B17: 89% | C17: 98% | D17: 107% | E17: 116% | F17: 124% | G17: 133% | H17: 142% | I17: 151% | J17: 160% | K17: 171% | L17: 185% | M17: 200%
A18: 持续时间（秒） | B18: 60 | C18: 60 | D18: 60 | E18: 60 | F18: 60 | G18: 60 | H18: 60 | I18: 60 | J18: 60 | K18: 60 | L18: 60 | M18: 60
A19: 电磁脆弱效果 | B19: 5% | C19: 5% | D19: 6% | E19: 6% | F19: 7% | G19: 7% | H19: 8% | I19: 8% | J19: 8% | K19: 9% | L19: 9% | M19: 10%
A20: 灼热脆弱效果 | B20: 5% | C20: 5% | D20: 6% | E20: 6% | F20: 7% | G20: 7% | H20: 8% | I20: 8% | J20: 8% | K20: 9% | L20: 9% | M20: 10%
A23: ✦ 【终结技】超频时刻 (chr_0023_antal_UltimateSkill)
A24: 对全队施加一段时间的电磁增幅和灼热增幅。
A25: 参数名称 | B25: Lv1 | C25: Lv2 | D25: Lv3 | E25: Lv4 | F25: Lv5 | G25: Lv6 | H25: Lv7 | I25: Lv8 | J25: Lv9 | K25: M1 | L25: M2 | M25: M3
A26: 所需终结技能量 | B26: 100 | C26: 100 | D26: 100 | E26: 100 | F26: 100 | G26: 100 | H26: 100 | I26: 100 | J26: 100 | K26: 100 | L26: 100 | M26: 100
A27: 冷却时间 | B27: 20.0s | C27: 20.0s | D27: 20.0s | E27: 20.0s | F27: 20.0s | G27: 20.0s | H27: 20.0s | I27: 20.0s | J27: 20.0s | K27: 20.0s | L27: 20.0s | M27: 20.0s
A28: 电磁增幅效果 | B28: 8% | C28: 9% | D28: 10% | E28: 11% | F28: 12% | G28: 13% | H28: 14% | I28: 15% | J28: 16% | K28: 17% | L28: 18% | M28: 20%
A29: 灼热增幅效果 | B29: 8% | C29: 9% | D29: 10% | E29: 11% | F29: 12% | G29: 13% | H29: 14% | I29: 15% | J29: 16% | K29: 17% | L29: 18% | M29: 20%
A30: 持续时间（秒） | B30: 12 | C30: 12 | D30: 12 | E30: 12 | F30: 12 | G30: 12 | H30: 12 | I30: 12 | J30: 12 | K30: 12 | L30: 12 | M30: 12
A33: ✦ 【连携技】磁暴试验场 (chr_0023_antal_ComboSkill)
A34: 当被聚焦的敌人进入物理异常或法术附着状态时可以发动。在该敌人身上引发1次能量爆炸，造成电磁伤害并再次对其施加该物理异常或法术附着。
A35: 参数名称 | B35: Lv1 | C35: Lv2 | D35: Lv3 | E35: Lv4 | F35: Lv5 | G35: Lv6 | H35: Lv7 | I35: Lv8 | J35: Lv9 | K35: M1 | L35: M2 | M35: M3
A36: 冷却时间 | B36: 25.0s | C36: 25.0s | D36: 25.0s | E36: 25.0s | F36: 25.0s | G36: 25.0s | H36: 25.0s | I36: 25.0s | J36: 25.0s | K36: 25.0s | L36: 25.0s | M36: 24.0s
A37: 伤害倍率 | B37: 151% | C37: 166% | D37: 181% | E37: 196% | F37: 211% | G37: 227% | H37: 242% | I37: 257% | J37: 272% | K37: 291% | L37: 313% | M37: 340%
A38: 失衡值 | B38: 10 | C38: 10 | D38: 10 | E38: 10 | F38: 10 | G38: 10 | H38: 10 | I38: 10 | J38: 10 | K38: 10 | L38: 10 | M38: 10

Sheet 阿列什_技能
A1: ⚔ 阿列什 - 技能数据面板
A3: ✦ 【普通攻击】基本挥竿法 (chr_0024_deepfin_NormalAttack)
A4: 普通攻击：对敌人进行至多5段攻击，造成物理伤害。作为主控干员时，重击会造成17点失衡。下落攻击：处于空中时使用普通攻击，会下落并攻击附近敌人，造成物理伤害。处决攻击：附近有敌人处于失衡状态时使用普通攻击，将处决该敌人，造成大量物理伤害并恢复一定技力。
A5: 参数名称 | B5: Lv1 | C5: Lv2 | D5: Lv3 | E5: Lv4 | F5: Lv5 | G5: Lv6 | H5: Lv7 | I5: Lv8 | J5: Lv9 | K5: M1 | L5: M2 | M5: M3
A6: 普攻第一段倍率 | B6: 18% | C6: 19% | D6: 21% | E6: 23% | F6: 25% | G6: 26% | H6: 28% | I6: 30% | J6: 32% | K6: 34% | L6: 36% | M6: 39%
A7: 普攻第二段倍率 | B7: 10% | C7: 11% | D7: 12% | E7: 13% | F7: 14% | G7: 15% | H7: 16% | I7: 17% | J7: 18% | K7: 19% | L7: 21% | M7: 23%
A8: 普攻第三段倍率 | B8: 28% | C8: 30% | D8: 33% | E8: 36% | F8: 39% | G8: 41% | H8: 44% | I8: 47% | J8: 50% | K8: 53% | L8: 57% | M8: 62%
A9: 普攻第四段倍率 | B9: 28% | C9: 30% | D9: 33% | E9: 36% | F9: 39% | G9: 41% | H9: 44% | I9: 47% | J9: 50% | K9: 53% | L9: 57% | M9: 62%
A10: 普攻第五段倍率 | B10: 55% | C10: 61% | D10: 66% | E10: 72% | F10: 77% | G10: 83% | H10: 88% | I10: 94% | J10: 99% | K10: 106% | L10: 114% | M10: 124%
A11: 处决攻击倍率 | B11: 400% | C11: 440% | D11: 480% | E11: 520% | F11: 560% | G11: 600% | H11: 640% | I11: 680% | J11: 720% | K11: 770% | L11: 830% | M11: 900%
A12: 下落攻击倍率 | B12: 80% | C12: 88% | D12: 96% | E12: 104% | F12: 112% | G12: 120% | H12: 128% | I12: 136% | J12: 144% | K12: 154% | L12: 166% | M12: 180%
A15: ✦ 【战技】非常规路亚 (chr_0024_deepfin_NormalSkill)
A16: 勾起冰块砸击面前的敌人，对目标造成物理伤害。命中处于寒冷附着状态的目标时，消耗掉目标身上所有寒冷附着，对其强制施加冻结，并基于消耗层数恢复技力，命中多名目标时仅恢复1次。
A17: 参数名称 | B17: Lv1 | C17: Lv2 | D17: Lv3 | E17: Lv4 | F17: Lv5 | G17: Lv6 | H17: Lv7 | I17: Lv8 | J17: Lv9 | K17: M1 | L17: M2 | M17: M3
A18: 伤害倍率 | B18: 200% | C18: 220% | D18: 240% | E18: 260% | F18: 280% | G18: 300% | H18: 320% | I18: 340% | J18: 360% | K18: 385% | L18: 415% | M18: 450%
A19: 消耗一层附着时恢复技力 | B19: 10 | C19: 10 | D19: 10 | E19: 10 | F19: 10 | G19: 10 | H19: 10 | I19: 10 | J19: 10 | K19: 15 | L19: 15 | M19: 15
A20: 消耗二层附着时恢复技力 | B20: 20 | C20: 20 | D20: 20 | E20: 20 | F20: 20 | G20: 20 | H20: 20 | I20: 20 | J20: 20 | K20: 25 | L20: 25 | M20: 25
A21: 消耗三层附着时恢复技力 | B21: 30 | C21: 30 | D21: 30 | E21: 30 | F21: 30 | G21: 30 | H21: 30 | I21: 30 | J21: 30 | K21: 35 | L21: 35 | M21: 35
A22: 消耗四层附着时恢复技力 | B22: 40 | C22: 40 | D22: 40 | E22: 40 | F22: 40 | G22: 40 | H22: 40 | I22: 40 | J22: 40 | K22: 45 | L22: 45 | M22: 45
A23: 失衡值 | B23: 10 | C23: 10 | D23: 10 | E23: 10 | F23: 10 | G23: 10 | H23: 10 | I23: 10 | J23: 10 | K23: 10 | L23: 10 | M23: 10
A26: ✦ 【终结技】大鳞，上钩！ (chr_0024_deepfin_UltimateSkill)
A27: 钓起超乎想象的大鳞砸击面前的所有敌人，造成大范围的寒冷伤害，施加寒冷附着并恢复一定技力，每击败一个目标将额外恢复一定技力。
A28: 参数名称 | B28: Lv1 | C28: Lv2 | D28: Lv3 | E28: Lv4 | F28: Lv5 | G28: Lv6 | H28: Lv7 | I28: Lv8 | J28: Lv9 | K28: M1 | L28: M2 | M28: M3
A29: 所需终结技能量 | B29: 100 | C29: 100 | D29: 100 | E29: 100 | F29: 100 | G29: 100 | H29: 100 | I29: 100 | J29: 100 | K29: 100 | L29: 100 | M29: 100
A30: 冷却时间 | B30: 20.0s | C30: 20.0s | D30: 20.0s | E30: 20.0s | F30: 20.0s | G30: 20.0s | H30: 20.0s | I30: 20.0s | J30: 20.0s | K30: 20.0s | L30: 20.0s | M30: 20.0s
A31: 终结伤害倍率 | B31: 436% | C31: 479% | D31: 523% | E31: 566% | F31: 610% | G31: 653% | H31: 697% | I31: 741% | J31: 784% | K31: 839% | L31: 904% | M31: 980%
A32: 基础恢复技力 | B32: 20 | C32: 20 | D32: 20 | E32: 20 | F32: 20 | G32: 20 | H32: 20 | I32: 20 | J32: 20 | K32: 25 | L32: 25 | M32: 25
A33: 击败目标时额外恢复技力 | B33: 12 | C33: 12 | D33: 12 | E33: 12 | F33: 12 | G33: 12 | H33: 12 | I33: 12 | J33: 12 | K33: 15 | L33: 15 | M33: 15
A34: 技力恢复上限 | B34: 100 | C34: 100 | D34: 100 | E34: 100 | F34: 100 | G34: 100 | H34: 100 | I34: 100 | J34: 100 | K34: 100 | L34: 100 | M34: 100
A35: 失衡值 | B35: 20 | C35: 20 | D35: 20 | E35: 20 | F35: 20 | G35: 20 | H35: 20 | I35: 20 | J35: 20 | K35: 20 | L35: 20 | M35: 20
A38: ✦ 【连携技】凿孔底钓术 (chr_0024_deepfin_ComboSkill)
A39: 当附近目标的法术异常或源石结晶被消耗时可以发动。在敌人脚下开洞垂钓，造成物理伤害，并恢复一定技力，有一定概率能钓出珍鳞，大幅增加伤害并额外恢复技力。
A40: 参数名称 | B40: Lv1 | C40: Lv2 | D40: Lv3 | E40: Lv4 | F40: Lv5 | G40: Lv6 | H40: Lv7 | I40: Lv8 | J40: Lv9 | K40: M1 | L40: M2 | M40: M3
A41: 冷却时间 | B41: 9.0s | C41: 9.0s | D41: 9.0s | E41: 9.0s | F41: 9.0s | G41: 9.0s | H41: 9.0s | I41: 9.0s | J41: 9.0s | K41: 9.0s | L41: 9.0s | M41: 8.0s
A42: 伤害倍率 | B42: 133% | C42: 147% | D42: 160% | E42: 173% | F42: 187% | G42: 200% | H42: 213% | I42: 227% | J42: 240% | K42: 257% | L42: 277% | M42: 300%
A43: 钓起珍鳞概率 | B43: 10% | C43: 10% | D43: 10% | E43: 10% | F43: 10% | G43: 10% | H43: 10% | I43: 10% | J43: 10% | K43: 10% | L43: 10% | M43: 10%
A44: 强化伤害倍率 | B44: 213% | C44: 235% | D44: 256% | E44: 277% | F44: 299% | G44: 320% | H44: 341% | I44: 363% | J44: 384% | K44: 411% | L44: 443% | M44: 480%
A45: 技力恢复 | B45: 10 | C45: 10 | D45: 10 | E45: 10 | F45: 10 | G45: 12 | H45: 12 | I45: 12 | J45: 12 | K45: 13 | L45: 13 | M45: 15
A46: 额外技力恢复 | B46: 10 | C46: 10 | D46: 10 | E46: 10 | F46: 10 | G46: 10 | H46: 10 | I46: 10 | J46: 10 | K46: 10 | L46: 10 | M46: 10
A47: 失衡值 | B47: 10 | C47: 10 | D47: 10 | E47: 10 | F47: 10 | G47: 10 | H47: 10 | I47: 10 | J47: 10 | K47: 10 | L47: 10 | M47: 10

Sheet 艾尔黛拉_技能
A1: ⚔ 艾尔黛拉 - 技能数据面板
A3: ✦ 【普通攻击】岩石的轻语 (chr_0025_ardelia_NormalAttack)
A4: 普通攻击：对敌人进行至多4段攻击，造成自然伤害。作为主控干员时，重击会造成18点失衡。下落攻击：处于空中时使用普通攻击，会下落并攻击附近敌人，造成自然伤害。处决攻击：附近有敌人处于失衡状态时使用普通攻击，将处决该敌人，造成大量自然伤害并恢复一定技力。
A5: 参数名称 | B5: Lv1 | C5: Lv2 | D5: Lv3 | E5: Lv4 | F5: Lv5 | G5: Lv6 | H5: Lv7 | I5: Lv8 | J5: Lv9 | K5: M1 | L5: M2 | M5: M3
A6: 普攻第一段倍率 | B6: 30% | C6: 33% | D6: 36% | E6: 39% | F6: 42% | G6: 45% | H6: 48% | I6: 51% | J6: 54% | K6: 58% | L6: 62% | M6: 68%
A7: 普攻第二段倍率 | B7: 40% | C7: 44% | D7: 48% | E7: 52% | F7: 56% | G7: 60% | H7: 64% | I7: 68% | J7: 72% | K7: 77% | L7: 83% | M7: 90%
A8: 普攻第三段倍率 | B8: 53% | C8: 58% | D8: 63% | E8: 68% | F8: 74% | G8: 79% | H8: 84% | I8: 89% | J8: 95% | K8: 101% | L8: 109% | M8: 118%
A9: 普攻第四段倍率 | B9: 55% | C9: 61% | D9: 66% | E9: 72% | F9: 77% | G9: 83% | H9: 88% | I9: 94% | J9: 99% | K9: 106% | L9: 114% | M9: 124%
A10: 处决攻击倍率 | B10: 400% | C10: 440% | D10: 480% | E10: 520% | F10: 560% | G10: 600% | H10: 640% | I10: 680% | J10: 720% | K10: 770% | L10: 830% | M10: 900%
A11: 下落攻击倍率 | B11: 80% | C11: 88% | D11: 96% | E11: 104% | F11: 112% | G11: 120% | H11: 128% | I11: 136% | J11: 144% | K11: 154% | L11: 166% | M11: 180%
A14: ✦ 【战技】奔腾的多利 (chr_0025_ardelia_NormalSkill)
A15: 骑上多利先生冲撞目标，对目标造成自然伤害，若目标处于腐蚀状态，消耗其腐蚀状态，并对其施加物理脆弱与法术脆弱。
A16: 参数名称 | B16: Lv1 | C16: Lv2 | D16: Lv3 | E16: Lv4 | F16: Lv5 | G16: Lv6 | H16: Lv7 | I16: Lv8 | J16: Lv9 | K16: M1 | L16: M2 | M16: M3
A17: 伤害倍率 | B17: 142% | C17: 156% | D17: 171% | E17: 185% | F17: 199% | G17: 213% | H17: 228% | I17: 242% | J17: 256% | K17: 274% | L17: 295% | M17: 320%
A18: 失衡值 | B18: 10 | C18: 10 | D18: 10 | E18: 10 | F18: 10 | G18: 10 | H18: 10 | I18: 10 | J18: 10 | K18: 10 | L18: 10 | M18: 10
A19: 脆弱效果 | B19: 12% | C19: 12% | D19: 12% | E19: 13% | F19: 13% | G19: 13% | H19: 14% | I19: 14% | J19: 16% | K19: 17% | L19: 18% | M19: 20%
A20: 脆弱持续时间（秒） | B20: 30 | C20: 30 | D20: 30 | E20: 30 | F20: 30 | G20: 30 | H20: 30 | I20: 30 | J20: 30 | K20: 30 | L20: 30 | M20: 30
A23: ✦ 【终结技】毛茸茸派对 (chr_0025_ardelia_UltimateSkill)
A24: 艾尔黛拉进入可移动的持续施法状态，召唤多利先生的帮助，随机向四周散射多利先生的分身。每个分身命中敌人时对其造成自然伤害，每个敌人每0.3秒最多受到一次伤害。
A25: 参数名称 | B25: Lv1 | C25: Lv2 | D25: Lv3 | E25: Lv4 | F25: Lv5 | G25: Lv6 | H25: Lv7 | I25: Lv8 | J25: Lv9 | K25: M1 | L25: M2 | M25: M3
A26: 所需终结技能量 | B26: 90 | C26: 90 | D26: 90 | E26: 90 | F26: 90 | G26: 90 | H26: 90 | I26: 90 | J26: 90 | K26: 90 | L26: 90 | M26: 90
A27: 冷却时间 | B27: 15.0s | C27: 15.0s | D27: 15.0s | E27: 15.0s | F27: 15.0s | G27: 15.0s | H27: 15.0s | I27: 15.0s | J27: 15.0s | K27: 15.0s | L27: 15.0s | M27: 15.0s
A28: 伤害倍率 | B28: 73% | C28: 81% | D28: 88% | E28: 95% | F28: 103% | G28: 110% | H28: 117% | I28: 125% | J28: 132% | K28: 141% | L28: 152% | M28: 165%
A29: 失衡值 | B29: 2 | C29: 2 | D29: 2 | E29: 2 | F29: 2 | G29: 2 | H29: 2 | I29: 2 | J29: 2 | K29: 3 | L29: 3 | M29: 3
A30: 持续时间（秒） | B30: 3 | C30: 3 | D30: 3 | E30: 3 | F30: 3 | G30: 3 | H30: 3 | I30: 3 | J30: 3 | K30: 3 | L30: 3 | M30: 3
A33: ✦ 【连携技】火山蘑菇云 (chr_0025_ardelia_ComboSkill)
A34: 当主控干员对不处于破防或法术附着状态的敌人造成重击后可以发动。发射一团火山云抛向目标敌人，到达目标身边后对目标造成自然伤害。火山云会跟踪目标，短暂延迟后爆炸，对周围其他敌人造成一半的自然伤害，并强制施加短暂的腐蚀。
A35: 参数名称 | B35: Lv1 | C35: Lv2 | D35: Lv3 | E35: Lv4 | F35: Lv5 | G35: Lv6 | H35: Lv7 | I35: Lv8 | J35: Lv9 | K35: M1 | L35: M2 | M35: M3
A36: 冷却时间 | B36: 18.0s | C36: 18.0s | D36: 18.0s | E36: 18.0s | F36: 18.0s | G36: 18.0s | H36: 18.0s | I36: 18.0s | J36: 18.0s | K36: 18.0s | L36: 18.0s | M36: 17.0s
A37: 伤害倍率 | B37: 45% | C37: 49% | D37: 54% | E37: 58% | F37: 62% | G37: 67% | H37: 71% | I37: 76% | J37: 80% | K37: 86% | L37: 93% | M37: 100%
A38: 爆炸伤害倍率 | B38: 111% | C38: 122% | D38: 133% | E38: 144% | F38: 155% | G38: 167% | H38: 178% | I38: 189% | J38: 200% | K38: 214% | L38: 230% | M38: 250%
A39: 失衡值 | B39: 10 | C39: 10 | D39: 10 | E39: 10 | F39: 10 | G39: 10 | H39: 10 | I39: 10 | J39: 10 | K39: 10 | L39: 10 | M39: 10
A40: 腐蚀持续时间（秒） | B40: 7 | C40: 7 | D40: 7 | E40: 7 | F40: 7 | G40: 7 | H40: 7 | I40: 7 | J40: 7 | K40: 7 | L40: 7 | M40: 7

Sheet 别礼_技能
A1: ⚔ 别礼 - 技能数据面板
A3: ✦ 【普通攻击】严霜之舞 (chr_0026_lastrite_NormalAttack)
A4: 普通攻击：对敌人进行至多4段攻击，造成寒冷伤害。作为主控干员时，重击会造成25点失衡。下落攻击：处于空中时使用普通攻击，会下落并攻击附近敌人，造成寒冷伤害。处决攻击：附近有敌人处于失衡状态时使用普通攻击，将处决该敌人，造成大量寒冷伤害并恢复一定技力。
A5: 参数名称 | B5: Lv1 | C5: Lv2 | D5: Lv3 | E5: Lv4 | F5: Lv5 | G5: Lv6 | H5: Lv7 | I5: Lv8 | J5: Lv9 | K5: M1 | L5: M2 | M5: M3
A6: 普攻第一段倍率 | B6: 30% | C6: 33% | D6: 36% | E6: 39% | F6: 42% | G6: 45% | H6: 48% | I6: 51% | J6: 54% | K6: 58% | L6: 62% | M6: 68%
A7: 普攻第二段倍率 | B7: 55% | C7: 61% | D7: 66% | E7: 72% | F7: 77% | G7: 83% | H7: 88% | I7: 94% | J7: 99% | K7: 106% | L7: 114% | M7: 124%
A8: 普攻第三段倍率 | B8: 68% | C8: 75% | D8: 82% | E8: 88% | F8: 95% | G8: 102% | H8: 109% | I8: 116% | J8: 122% | K8: 131% | L8: 141% | M8: 153%
A9: 普攻第四段倍率 | B9: 90% | C9: 99% | D9: 108% | E9: 117% | F9: 126% | G9: 135% | H9: 144% | I9: 153% | J9: 162% | K9: 173% | L9: 187% | M9: 203%
A10: 处决攻击倍率 | B10: 400% | C10: 440% | D10: 480% | E10: 520% | F10: 560% | G10: 600% | H10: 640% | I10: 680% | J10: 720% | K10: 770% | L10: 830% | M10: 900%
A11: 下落攻击倍率 | B11: 80% | C11: 88% | D11: 96% | E11: 104% | F11: 112% | G11: 120% | H11: 128% | I11: 136% | J11: 144% | K11: 154% | L11: 166% | M11: 180%
A14: ✦ 【战技】塞什卡的秘传 (chr_0026_lastrite_NormalSkill)
A15: 对主控干员的武器进行低温灌注，并返还一定技力。一段时间内，当前主控干员接下来的1次重击会生成别礼的幻影，对目标进行追击，造成寒冷伤害，施加寒冷附着。主控干员为别礼时，施放该战技不会中断普通攻击。
A16: 参数名称 | B16: Lv1 | C16: Lv2 | D16: Lv3 | E16: Lv4 | F16: Lv5 | G16: Lv6 | H16: Lv7 | I16: Lv8 | J16: Lv9 | K16: M1 | L16: M2 | M16: M3
A17: 幻影追击伤害倍率 | B17: 142% | C17: 156% | D17: 171% | E17: 185% | F17: 199% | G17: 213% | H17: 228% | I17: 242% | J17: 256% | K17: 274% | L17: 295% | M17: 320%
A18: 返还技力 | B18: 30 | C18: 30 | D18: 30 | E18: 30 | F18: 30 | G18: 30 | H18: 30 | I18: 30 | J18: 30 | K18: 30 | L18: 30 | M18: 30
A19: 持续时间（秒） | B19: 15 | C19: 15 | D19: 15 | E19: 15 | F19: 15 | G19: 15 | H19: 15 | I19: 15 | J19: 15 | K19: 15 | L19: 15 | M19: 15
A20: 获得终结技能量 | B20: 16 | C20: 16 | D20: 16 | E20: 16 | F20: 16 | G20: 16 | H20: 16 | I20: 16 | J20: 16 | K20: 16 | L20: 16 | M20: 16
A23: ✦ 【终结技】临终别礼 (chr_0026_lastrite_UltimateSkill)
A24: 披着霜铠，凝结冰镰，对前方进行三次斩击，该状态下免疫所有伤害。每次斩击造成大量寒冷伤害。别礼只能从自身的战技、连携技中获得终结技能量。
A25: 参数名称 | B25: Lv1 | C25: Lv2 | D25: Lv3 | E25: Lv4 | F25: Lv5 | G25: Lv6 | H25: Lv7 | I25: Lv8 | J25: Lv9 | K25: M1 | L25: M2 | M25: M3
A26: 所需终结技能量 | B26: 240 | C26: 240 | D26: 240 | E26: 240 | F26: 240 | G26: 240 | H26: 240 | I26: 240 | J26: 240 | K26: 240 | L26: 240 | M26: 240
A27: 冷却时间 | B27: 20.0s | C27: 20.0s | D27: 20.0s | E27: 20.0s | F27: 20.0s | G27: 20.0s | H27: 20.0s | I27: 20.0s | J27: 20.0s | K27: 20.0s | L27: 20.0s | M27: 20.0s
A28: 第一段伤害倍率 | B28: 178% | C28: 196% | D28: 213% | E28: 231% | F28: 249% | G28: 267% | H28: 284% | I28: 302% | J28: 320% | K28: 342% | L28: 369% | M28: 400%
A29: 第一段失衡值 | B29: 5 | C29: 5 | D29: 5 | E29: 5 | F29: 5 | G29: 5 | H29: 5 | I29: 5 | J29: 5 | K29: 5 | L29: 5 | M29: 5
A30: 第二段伤害倍率 | B30: 178% | C30: 196% | D30: 213% | E30: 231% | F30: 249% | G30: 267% | H30: 284% | I30: 302% | J30: 320% | K30: 342% | L30: 369% | M30: 400%
A31: 第二段失衡值 | B31: 5 | C31: 5 | D31: 5 | E31: 5 | F31: 5 | G31: 5 | H31: 5 | I31: 5 | J31: 5 | K31: 5 | L31: 5 | M31: 5
A32: 第三段伤害倍率 | B32: 356% | C32: 391% | D32: 427% | E32: 462% | F32: 498% | G32: 533% | H32: 569% | I32: 604% | J32: 640% | K32: 684% | L32: 738% | M32: 800%
A33: 第三段失衡值 | B33: 10 | C33: 10 | D33: 10 | E33: 10 | F33: 10 | G33: 10 | H33: 10 | I33: 10 | J33: 10 | K33: 10 | L33: 10 | M33: 10
A36: ✦ 【连携技】噬冬 (chr_0026_lastrite_ComboSkill)
A37: 当有敌人进入3层及以上寒冷附着状态时可以发动。在目标敌人身上凝结冰锥，随后将其斩碎，消耗敌人身上的所有寒冷附着，对其造成基于其寒冷附着层数的寒冷伤害，并且根据消耗的层数获得终结技能量。
A38: 参数名称 | B38: Lv1 | C38: Lv2 | D38: Lv3 | E38: Lv4 | F38: Lv5 | G38: Lv6 | H38: Lv7 | I38: Lv8 | J38: Lv9 | K38: M1 | L38: M2 | M38: M3
A39: 冷却时间 | B39: 9.0s | C39: 9.0s | D39: 9.0s | E39: 9.0s | F39: 9.0s | G39: 9.0s | H39: 9.0s | I39: 9.0s | J39: 9.0s | K39: 9.0s | L39: 9.0s | M39: 8.0s
A40: 冰刺伤害倍率 | B40: 71% | C40: 78% | D40: 85% | E40: 92% | F40: 99% | G40: 107% | H40: 114% | I40: 121% | J40: 128% | K40: 137% | L40: 147% | M40: 160%
A41: 斩击基础伤害倍率 | B41: 71% | C41: 78% | D41: 85% | E41: 92% | F41: 99% | G41: 107% | H41: 114% | I41: 121% | J41: 128% | K41: 137% | L41: 147% | M41: 160%
A42: 斩击失衡值 | B42: 15 | C42: 15 | D42: 15 | E42: 15 | F42: 15 | G42: 15 | H42: 15 | I42: 15 | J42: 15 | K42: 15 | L42: 15 | M42: 15
A43: 消耗每层附着额外伤害倍率 | B43: 107% | C43: 117% | D43: 128% | E43: 139% | F43: 149% | G43: 160% | H43: 171% | I43: 181% | J43: 192% | K43: 205% | L43: 221% | M43: 240%
A44: 基础获得终结技能量 | B44: 40 | C44: 40 | D44: 40 | E44: 40 | F44: 40 | G44: 40 | H44: 40 | I44: 40 | J44: 40 | K44: 40 | L44: 40 | M44: 40
A45: 消耗每层附着额外获得终结技能量 | B45: 15 | C45: 15 | D45: 15 | E45: 15 | F45: 15 | G45: 15 | H45: 15 | I45: 15 | J45: 15 | K45: 15 | L45: 15 | M45: 15

Sheet 骏卫_技能
A1: ⚔ 骏卫 - 技能数据面板
A3: ✦ 【普通攻击】全面攻势 (chr_0029_pograni_NormalAttack)
A4: 普通攻击：对敌人进行至多5段攻击，造成物理伤害。作为主控干员时，重击会造成18点失衡。 下落攻击：处于空中时使用普通攻击，会下落并攻击附近敌人，造成物理伤害。 处决攻击：附近有敌人处于失衡状态时使用普通攻击，将处决该敌人，造成大量物理伤害并恢复一定技力。
A5: 参数名称 | B5: Lv1 | C5: Lv2 | D5: Lv3 | E5: Lv4 | F5: Lv5 | G5: Lv6 | H5: Lv7 | I5: Lv8 | J5: Lv9 | K5: M1 | L5: M2 | M5: M3
A6: 普攻第一段倍率 | B6: 23% | C6: 25% | D6: 28% | E6: 30% | F6: 32% | G6: 35% | H6: 37% | I6: 39% | J6: 41% | K6: 44% | L6: 48% | M6: 52%
A7: 普攻第二段倍率 | B7: 28% | C7: 31% | D7: 34% | E7: 36% | F7: 39% | G7: 42% | H7: 45% | I7: 48% | J7: 50% | K7: 54% | L7: 58% | M7: 63%
A8: 普攻第三段倍率 | B8: 33% | C8: 36% | D8: 40% | E8: 43% | F8: 46% | G8: 50% | H8: 53% | I8: 56% | J8: 59% | K8: 64% | L8: 68% | M8: 74%
A9: 普攻第四段倍率 | B9: 38% | C9: 42% | D9: 46% | E9: 50% | F9: 53% | G9: 57% | H9: 61% | I9: 65% | J9: 69% | K9: 73% | L9: 79% | M9: 86%
A10: 普攻第五段倍率 | B10: 43% | C10: 47% | D10: 52% | E10: 56% | F10: 60% | G10: 65% | H10: 69% | I10: 73% | J10: 77% | K10: 83% | L10: 89% | M10: 97%
A11: 处决攻击倍率 | B11: 400% | C11: 440% | D11: 480% | E11: 520% | F11: 560% | G11: 600% | H11: 640% | I11: 680% | J11: 720% | K11: 770% | L11: 830% | M11: 900%
A12: 下落攻击倍率 | B12: 80% | C12: 88% | D12: 96% | E12: 104% | F12: 112% | G12: 120% | H12: 128% | I12: 136% | J12: 144% | K12: 154% | L12: 166% | M12: 180%
A15: ✦ 【战技】粉碎阵线 (chr_0029_pograni_NormalSkill)
A16: 对前方范围的敌人进行两段斩击，造成物理伤害并施加碎甲，同时基于消耗的破防层数恢复技力，命中多名目标时仅恢复1次。
A17: 参数名称 | B17: Lv1 | C17: Lv2 | D17: Lv3 | E17: Lv4 | F17: Lv5 | G17: Lv6 | H17: Lv7 | I17: Lv8 | J17: Lv9 | K17: M1 | L17: M2 | M17: M3
